"","health_zone","dps","province_shp","zs_id","hz_shp1","hz_shp2","dps_snis","hz_snis","hz_pnlp","dps_pnlp","hz_snis_cleaned","hz_pnlt"
"1","aba","haut-uele","Province Oriental","442","Aba","Aba","hu Haut Uele Province","hu Aba Zone de Santé","aba","haut-uele","aba","aba"
"2","abuzi","nord-ubangi","Equateur","391","Abuzi","Abuzi","nu Nord Ubangi Province","nu Abuzi Zone de Santé","abuzi","nord ubangi","abuzi","abuzi"
"3","adi","ituri","Province Oriental","445","Adi","Adi","it Ituri Province","it Adi Zone de Santé","adi","ituri","adi","adi"
"4","adia","ituri","Province Oriental","221","Adia","Adja","it Ituri Province","it Adja Zone de Santé","adja","ituri","adja","adja"
"5","aketi","bas-uele","Province Oriental","388","Aketi","Aketi","bu Bas Uele Province","bu Aketi Zone de Santé","aketi","bas-uele","aketi","aketi"
"6","alimbongo","nord-kivu","Nord Kivu","64","Alimbongo","NA","nk Nord Kivu Province","nk Alimbongo Zone de Santé","alimbongo","nord kivu","alimbongo",NA
"7","alunguli","maniema","Maniema","327","Alunguli","Alunguli","mn Maniema Province","mn Alunguli Zone de Santé","alunguli","maniema","alunguli","alunguli"
"8","ango","bas-uele","Province Oriental","438","Ango","Ango","bu Bas Uele Province","bu Ango Zone de Santé","ango","bas-uele","ango","ango"
"9","angumu","ituri","Province Oriental","279","Angumu","Angumu","it Ituri Province","it Angumu Zone de Santé","angumu","ituri","angumu","angumu"
"10","ankoro","tanganyika","Katanga","476","Ankoro","Ankoro","tn Tanganyika Province","tn Ankoro Zone de Santé","ankoro","tanganyika","ankoro","ankoro"
"11","ariwara","ituri","Province Oriental","219","Ariwara","Ariwara","it Ituri Province","it Ariwara Zone de Santé","ariwara","ituri","ariwara","ariwara"
"12","aru","ituri","Province Oriental","220","Aru","Aru","it Ituri Province","it Aru Zone de Santé","aru","ituri","aru","aru"
"13","aungba","ituri","Province Oriental","223","Aungba","Aungba","it Ituri Province","it Aungba Zone de Santé","aungba","ituri","aungba","aungba"
"14","bafale","tshuapa","Equateur","4","Bafale","Befale","tu Tshuapa Province","tu Befale Zone de Santé","befale","tshuapa","befale","befale"
"15","bafwabogbo","tshopo","Province Oriental","215","Bafwabogbo","Bafwagbogbo","tp Tshopo Province","tp Bafwagbogbo Zone de Santé","bafwagbogbo","tshopo","bafwagbogbo","bafwagbogbo"
"16","bafwasende","tshopo","Province Oriental","214","Bafwasende","Bafwasende","tp Tshopo Province","tp Bafwasende Zone de Santé","bafwasende","tshopo","bafwasende","bafwasende"
"17","bagata","kwilu","Bandundu","148","Bagata","Bagata","kl Kwilu Province","kl Bagata Zone de Santé","bagata","kwilu","bagata","bagata"
"18","bagira-kasha","sud-kivu","Sud Kivu","234","Bagira Kasha","Bagira-Kasha","sk Sud Kivu Province","sk Bagira Zone de Santé","bagira","sud kivu","bagira",NA
"19","bambo","nord-kivu","Nord Kivu","107","Bambo","NA","nk Nord Kivu Province","nk Bambo Zone de Santé","bambo","nord kivu","bambo",NA
"20","bambu","0","Province Oriental","182","Bambu","Bambu-Mines","NA","NA","bambu","0",NA,"bambu"
"21","bambu","ituri","Province Oriental","182","Bambu","Bambu-Mines","it Ituri Province","it Bambu Zone de Santé","bambu","ituri","bambu","bambu"
"22","banalia","tshopo","Province Oriental","213","Banalia","Banalia","tp Tshopo Province","tp Banalia Zone de Santé","banalia","tshopo","banalia","banalia"
"23","bandalungwa","kinshasa","Kinshasa","261","Bandalungwa","Bandalungwa","kn Kinshasa Province","kn Bandalungwa Zone de Santé","bandal","kinshasa","bandalungwa",NA
"24","bandjau","mai-ndombe","Bandundu","166","Bandjau","Banjow Moke","md Maindombe Province","md Banzow Moke Zone de Santé","bandjow","mai-ndombe","banzow-moke","banzow"
"25","bandundu","kwilu","Bandundu","149","Bandundu","Bandundu","kl Kwilu Province","kl Bandundu Zone de Santé","bandundu","kwilu","bandundu","bandundu"
"26","banga-lubaka","kasai","Kasai Occidental","21","Banga Lubaka","Banga Lubaka","ks Kasai Province","ks Banga Lubaka Zone de Santé","banga lubaka","kasai","banga-lubaka","banga-lubaka"
"27","bangabola","sud-ubangi","Equateur","309","Bangabola","Bangabola","su Sud Ubangi Province","su Bangabola Zone de Santé","bangabola","sud ubangi","bangabola","bangabola"
"28","barumbu","kinshasa","Kinshasa","253","Barumbu","Barumbu","kn Kinshasa Province","kn Barumbu Zone de Santé","barumbu","kinshasa","barumbu","barumbu"
"29","basali","tshopo","Province Oriental","202","Basali","Basali","tp Tshopo Province","tp Basali Zone de Santé","basali","tshopo","basali","basali"
"30","basankusu","equateur","Equateur","5","Basankusu","Basankusu","eq Equateur Province","eq Basankusu Zone de Santé","basankusu","equateur","basankusu","basankusu"
"31","basoko","tshopo","Province Oriental","203","Basoko","Basoko","tp Tshopo Province","tp Basoko Zone de Santé","basoko","tshopo","basoko","basoko"
"32","bena-dibele","sankuru","Kasai Oriental","457","Bena Dibele","Bena-Dibele","sn Sankuru Province","sn Bena Dibele Zone de Santé","bena dibele","sankuru","bena-dibele","bena-dibele"
"33","bena-leke","kasai-central","Kasai Occidental","28","Bena Leke","Bena-leka","kr Kasai Central Province","kr Bena Leka Zone de Santé","bena leka","kasai central","bena-leka","benaleka"
"34","bena-tshadi","kasai-central","NA","NA","NA","NA","kr Kasai Central Province","kr Bena Tshadi Zone de Santé","benatshiadi","kasai central","bena-tshadi","bena-tshiadi"
"35","bengamisa","tshopo","Province Oriental","204","Bengamisa","Bengamisa","tp Tshopo Province","tp Bengamisa Zone de Santé","bengamisa","tshopo","bengamisa","bengamisa"
"36","beni","nord-kivu","Nord Kivu","57","Beni","Beni","nk Nord Kivu Province","nk Beni Zone de Santé","beni","nord kivu","beni",NA
"37","bibanga","kasai-oriental","Kasai Oriental","89","Bibanga","Bibanga","ke Kasai Oriental Province","ke Bibanga Zone de Santé","bibanga","kasai oriental","bibanga","bibanga"
"38","biena","nord-kivu","Nord Kivu","46","Biena","Biena","nk Nord Kivu Province","nk Biena Zone de Santé","biena","nord kivu","biena",NA
"39","bikoro","equateur","Equateur","422","Bikoro","Bikoro","eq Equateur Province","eq Bikoro Zone de Santé","bikoro","equateur","bikoro","bikoro"
"40","bili","bas-uele","Equateur","431","Bili","Bili","bu Bas Uele Province","bu Bili Zone de Santé","bili","bas-uele","bili","bili"
"41","bili","nord-ubangi","Equateur","431","Bili","Bili","nu Nord Ubangi Province","nu Bili Zone de Santé","bili","nord ubangi","bili","bili"
"42","bili","bas-uele","Province Oriental","437","Bili","Bili","bu Bas Uele Province","bu Bili Zone de Santé","bili","bas-uele","bili","bili"
"43","bili","nord-ubangi","Province Oriental","437","Bili","Bili","nu Nord Ubangi Province","nu Bili Zone de Santé","bili","nord ubangi","bili","bili"
"44","bilonda","kasai-central","Kasai Occidental","17","Bilonda","Bilomba","kr Kasai Central Province","kr Bilomba Zone de Santé","bilomba","kasai central","bilomba","bilomba"
"45","bimpemba","kasai-oriental","Kasai Oriental","74","Bimpemba","Bipemba","ke Kasai Oriental Province","ke Bipemba Zone de Santé","bimpemba","kasai oriental","bipemba","bipemba"
"46","binga","mongala","Equateur","312","Binga","Binga","mg Mongala Province","mg Binga Zone de Santé","binga","mongala","binga","binga"
"47","binza","nord-kivu","Nord Kivu","53","Binza","Binza","nk Nord Kivu Province","nk Binza Zone de Santé","binza","nord kivu","binza",NA
"48","binza-metéo","kinshasa","Kinshasa","270","Binza_Metéo","Binza-Météo","kn Kinshasa Province","kn Binza Meteo Zone de Santé","binza m","kinshasa","binza-meteo","binza-meteo"
"49","binza-ozone","kinshasa","Kinshasa","271","Binza_Ozone","Binza-Ozone","kn Kinshasa Province","kn Binza Ozone Zone de Santé","binza o","kinshasa","binza-ozone","binza-ozone"
"50","birambizo","nord-kivu","Nord Kivu","54","Birambizo","Birambizo","nk Nord Kivu Province","nk Birambizo Zone de Santé","birambizo","nord kivu","birambizo",NA
"51","biringi","ituri","Province Oriental","222","Biringi","Biringi","it Ituri Province","it Biringi Zone de Santé","biringi","ituri","biringi","biringi"
"52","biyela","kinshasa","Kinshasa","247","Biyela","Biyela","kn Kinshasa Province","kn Biyela Zone de Santé","biyela","kinshasa","biyela","biyela"
"53","bobozo","kasai-central","Kasai Occidental","330","Bobozo","Bobozo","kr Kasai Central Province","kr Bobozo Zone de Santé","bobozo","kasai central","bobozo","bobozo"
"54","boende","tshuapa","Equateur","303","Boende","Boende","tu Tshuapa Province","tu Boende Zone de Santé","boende","tshuapa","boende","boende"
"55","boga","ituri","Province Oriental","186","Boga","Boga","it Ituri Province","it Boga Zone de Santé","boga","ituri","boga","boga"
"56","boko","kwango","Bandundu","160","Boko","Boko","kg Kwango Province","kg Boko Zone de Santé","boko","kwango","boko","boko"
"57","boko-kivulu","kongo-central","Bas-Congo","130","Boko Kivulu","Boko-Kivulu","kc Kongo Central Province","kc Boko Kivulu Zone de Santé","boko kivulu","bas congo","boko-kivulu","boko-kivulu"
"58","bokonzi","sud-ubangi","Equateur","424","Bokonzi","Bokonzi","su Sud Ubangi Province","su Bokonzi Zone de Santé","bokonzi","sud ubangi","bokonzi","bokonzi"
"59","bokoro","mai-ndombe","Bandundu","140","Bokoro","Bokoro","md Maindombe Province","md Bokoro Zone de Santé","bokoro","mai-ndombe","bokoro","bokoro"
"60","bokungu","tshuapa","Equateur","306","Bokungu","Bokungu","tu Tshuapa Province","tu Bokungu Zone de Santé","bokungu","tshuapa","bokungu","bokungu"
"61","bolobo","mai-ndombe","Bandundu","134","Bolobo","Bolobo","md Maindombe Province","md Bolobo Zone de Santé","bolobo","mai-ndombe","bolobo","bolobo"
"62","bolomba","equateur","Equateur","302","Bolomba","Bolomba","eq Equateur Province","eq Bolomba Zone de Santé","bolomba","equateur","bolomba","bolomba"
"63","bolonge","equateur","Equateur","231","Bolonge","Bolenge","eq Equateur Province","eq Bolenge Zone de Santé","bolenge","equateur","bolenge","bolenge"
"64","boma","kongo-central","Bas-Congo","117","Boma","Boma","kc Kongo Central Province","kc Boma Zone de Santé","boma","bas congo","boma","boma"
"65","boma-bungu","kongo-central","Bas-Congo","118","Boma Bungu","Boma Bungu","kc Kongo Central Province","kc Boma Bungu Zone de Santé","boma bungu","bas congo","boma-bungu","boma-bungu"
"66","boma-mangbetu","haut-uele","NA","NA","NA","NA","hu Haut Uele Province","hu Boma Mangbetu Zone de Santé","boma mangbetu","haut-uele","boma-mangbetu","boma-mangbetu"
"67","bominenge","sud-ubangi","Equateur","320","Bominenge","Bominenge","su Sud Ubangi Province","su Bominenge Zone de Santé","bominenge","sud ubangi","bominenge","bominenge"
"68","bomongo","equateur","Equateur","425","Bomongo","Bomongo","eq Equateur Province","eq Bomongo Zone de Santé","bomongo","equateur","bomongo","bomongo"
"69","bondo","bas-uele","Province Oriental","436","Bondo","Bondo","bu Bas Uele Province","bu Bondo Zone de Santé","bondo","bas-uele","bondo","bondo"
"70","bongandanga","mongala","Equateur","3","Bongandanga","Bongandanga","mg Mongala Province","mg Bongandanga Zone de Santé","bongandanganda","mongala","bongandanga","bongandanga"
"71","bongosenubia","sud-ubangi","Equateur","114","Bongosenubia","Bogose nubea","su Sud Ubangi Province","su Bogosenubea Zone de Santé","bogosenusebea","sud ubangi","bogosenubea","bogose-nubea"
"72","bonzola","kasai-oriental","Kasai Oriental","68","Bonzola","Bonzola","ke Kasai Oriental Province","ke Bonzola Zone de Santé","bonzola","kasai oriental","bonzola","bonzola"
"73","bosanga","tshuapa","Equateur","305","Bosanga","Busanga","tu Tshuapa Province","tu Busanga Zone de Santé","bosanga","tshuapa","busanga","busanga"
"74","bosobe","mai-ndombe","Bandundu","139","Bosobe","Bosobe","md Maindombe Province","md Bosobe Zone de Santé","bosobe","mai-ndombe","bosobe","bosobe"
"75","bosobolo","nord-ubangi","Equateur","430","Bosobolo","Bosobolo","nu Nord Ubangi Province","nu Bosobolo Zone de Santé","bosobolo","nord ubangi","bosobolo","bosobolo"
"76","bosomanzi","mongala","Equateur","316","Bosomanzi","Bosomanzi","mg Mongala Province","mg Boso Manzi Zone de Santé","bosomanzi","mongala","boso-manzi","boso-manzi"
"77","bosomondanda","mongala","Equateur","310","Bosomondanda","Bosomodanda","mg Mongala Province","mg Boso Mondanda Zone de Santé","bosomondanda","mongala","boso-mondanda","boso-modanda"
"78","bosondjo","mongala","Equateur","394","Bosondjo","Bosondjo","mg Mongala Province","mg Bosondjo Zone de Santé","bosondjo","mongala","bosondjo","bosondjo"
"79","boto","sud-ubangi","Equateur","293","Boto","Boto","su Sud Ubangi Province","su Boto Zone de Santé","boto","sud ubangi","boto","boto"
"80","budjala","sud-ubangi","Equateur","311","Budjala","Budjala","su Sud Ubangi Province","su Budjala Zone de Santé","budjala","sud ubangi","budjala","budjala"
"81","bukama","haut-lomami","Katanga","470","Bukama","Bukama","hl Haut Lomami Province","hl Bukama Zone de Santé","bukama","haut-lomami","bukama","bukama"
"82","bukonde","kasai-central","Kasai Occidental","18","Bukonde","Bukonde","kr Kasai Central Province","kr Bunkonde Zone de Santé","bunkonde","kasai central","bunkonde","bunkonde"
"83","bulape","kasai","Kasai Occidental","30","Bulape","Bulape","ks Kasai Province","ks Bulape Zone de Santé","bulape","kasai","bulape","bulape"
"84","bulu","sud-ubangi","Equateur","323","Bulu","Bulu","su Sud Ubangi Province","su Bulu Zone de Santé","bulu","sud ubangi","bulu","bulu"
"85","bulungu","kwilu","Bandundu","147","Bulungu","Bulungu","kl Kwilu Province","kl Bulungu Zone de Santé","bulungu","kwilu","bulungu","bulungu"
"86","bumba","mongala","Equateur","395","Bumba","Bumba","mg Mongala Province","mg Bumba Zone de Santé","bumba","mongala","bumba","bumba"
"87","bumbu","kinshasa","Kinshasa","258","Bumbu","Bumbu","kn Kinshasa Province","kn Bumbu Zone de Santé","bumbu","kinshasa","bumbu","bumbu"
"88","bunia","ituri","Province Oriental","172","Bunia","Bunia","it Ituri Province","it Bunia Zone de Santé","bunia","ituri","bunia","bunia"
"89","bunkeya","lualaba","Katanga","113","Bunkeya","Bunkeya","ll Lualaba Province","ll Bunkeya Zone de Santé","bunkeya","lualaba","bunkeya","bunkeya"
"90","bunyakiri","sud-kivu","Sud Kivu","364","Bunyakiri","Bunyakiri","sk Sud Kivu Province","sk Bunyakiri Zone de Santé","bunyakiri","sud kivu","bunyakiri",NA
"91","businga","nord-ubangi","Equateur","317","Businga","Businga","nu Nord Ubangi Province","nu Businga Zone de Santé","businga","nord ubangi","businga","businga"
"92","buta","bas-uele","Province Oriental","216","Buta","Buta","bu Bas Uele Province","bu Buta Zone de Santé","buta","bas-uele","buta","buta"
"93","butembo","nord-kivu","Nord Kivu","60","Butembo","Butembo","nk Nord Kivu Province","nk Butembo Zone de Santé","butembo","nord kivu","butembo",NA
"94","butumba","haut-lomami","Katanga","341","Butumba","Butumba","hl Haut Lomami Province","hl Butumba Zone de Santé","butumba","haut-lomami","butumba","butumba"
"95","bwamanda","sud-ubangi","Equateur","292","Bwamanda","Bwamanda","su Sud Ubangi Province","su Bwamanda Zone de Santé","bwamanda","sud ubangi","bwamanda","bwamanda"
"96","damasi","ituri","Province Oriental","179","Damasi","Damas","it Ituri Province","it Damas Zone de Santé","damas","ituri","damas","damas"
"97","dekese","kasai","Kasai Occidental","459","Dekese","Dekese","ks Kasai Province","ks Dekese Zone de Santé","dekese","kasai","dekese","dekese"
"98","demba","kasai-central","Kasai Occidental","27","Demba","Demba","kr Kasai Central Province","kr Demba Zone de Santé","demba","kasai central","demba","demba"
"99","dibaya","kasai-central","Kasai Occidental","34","Dibaya","Dibaya","kr Kasai Central Province","kr Dibaya Zone de Santé","dibaya","kasai central","dibaya","dibaya"
"100","dibindi","kasai-oriental","Kasai Oriental","70","Dibindi","Dibindi","ke Kasai Oriental Province","ke Dibindi Zone de Santé","dibindi","kasai oriental","dibindi","dibindi"
"101","dikungu-tshumbe","sankuru","Kasai Oriental","98","Dikungu Tshumbe","Dikungu","sn Sankuru Province","sn Dikungu Zone de Santé","dikungu","sankuru","dikungu","dikungu"
"102","dilala","lualaba","Katanga","467","Dilala","Dilala","ll Lualaba Province","ll Dilala Zone de Santé","dilala","lualaba","dilala","dilala"
"103","dilolo","lualaba","Katanga","488","Dilolo","Dilolo","ll Lualaba Province","ll Dilolo Zone de Santé","dilolo","lualaba","dilolo","dilolo"
"104","diulu","kasai-oriental","Kasai Oriental","75","Diulu","Diulu","ke Kasai Oriental Province","ke Diulu Zone de Santé","diulu","kasai oriental","diulu",NA
"105","djalo-djeka","sankuru","Kasai Oriental","102","Djalo Djeka","Djalo-Ndjeka","sn Sankuru Province","sn Djalo Djeka Zone de Santé","djalo djeka","sankuru","djalo-djeka","djalo"
"106","djolu","tshuapa","Equateur","398","Djolu","Djolu","tu Tshuapa Province","tu Djolu Zone de Santé","djolu","tshuapa","djolu","djolu"
"107","djombo","equateur","Equateur","2","Djombo","Djombo","eq Equateur Province","eq Djombo Zone de Santé","djombo","equateur","djombo","djombo"
"108","djuma","kwilu","Bandundu","236","Djuma","Djuma","kl Kwilu Province","kl Djuma Zone de Santé","djuma","kwilu","djuma","djuma"
"109","doruma","haut-uele","Province Oriental","439","Doruma","Doruma","hu Haut Uele Province","hu Doruma Zone de Santé","doruma","haut-uele","doruma","doruma"
"110","drodro","ituri","Province Oriental","175","Drodro","Drodro","it Ituri Province","it Drodro Zone de Santé","drodro","ituri","drodro","drodro"
"111","dungu","haut-uele","Province Oriental","440","Dungu","Dungu","hu Haut Uele Province","hu Dungu Zone de Santé","dungu","haut-uele","dungu","dungu"
"112","faradje","haut-uele","Province Oriental","441","Faradje","Faradje","hu Haut Uele Province","hu Faradje Zone de Santé","faradje","haut-uele","faradje","faradje"
"113","fataki","ituri","Province Oriental","184","Fataki","Fataki","it Ituri Province","it Fataki Zone de Santé","fataki","ituri","fataki","fataki"
"114","ferekeni","maniema","Maniema","402","Ferekeni","Ferekeni","mn Maniema Province","mn Ferekeni Zone de Santé","ferekeni","maniema","ferekeni","ferekeni"
"115","feshi","kwango","Bandundu","152","Feshi","Feshi","kg Kwango Province","kg Feshi Zone de Santé","feshi","kwango","feshi","feshi"
"116","fizi","sud-kivu","Sud Kivu","379","Fizi","Fizi","sk Sud Kivu Province","sk Fizi Zone de Santé","fizi","sud kivu","fizi",NA
"117","fungurume","lualaba","Katanga","354","Fungurume","Fungurume","ll Lualaba Province","ll Fungurume Zone de Santé","fungurume","lualaba","fungurume","fungurume"
"118","ganga","bas-uele","Province Oriental","218","Ganga","NA","bu Bas Uele Province","bu Ganga Zone de Santé","ganga","bas-uele","ganga","ganga"
"119","gbadolite","nord-ubangi","Equateur","432","Gbadolite","Gbadolite","nu Nord Ubangi Province","nu Gbadolite Zone de Santé","gbadolite","nord ubangi","gbadolite","gbadolite"
"120","gemena","sud-ubangi","Equateur","321","Gemena","Gemena","su Sud Ubangi Province","su Gemena Zone de Santé","gemena","sud ubangi","gemena","gemena"
"121","gethy","ituri","Province Oriental","187","Gethy","Ghety","it Ituri Province","it Gety Zone de Santé","gethy","ituri","gety","gety"
"122","goma","nord-kivu","Nord Kivu","504","Goma","Goma","nk Nord Kivu Province","nk Goma Zone de Santé","goma","nord kivu","goma",NA
"123","gombari","haut-uele","Province Oriental","224","Gombari","Gombari","hu Haut Uele Province","hu Gombari Zone de Santé","gombari","haut-uele","gombari","gombari"
"124","gombe","kinshasa","Kinshasa","263","Gombe","Gombe","kn Kinshasa Province","kn Gombe Zone de Santé","gombe","kinshasa","gombe","la-gombe"
"125","gombe-matadi","kongo-central","Bas-Congo","417","Gombe Matadi","Gombe-Matadi","kc Kongo Central Province","kc Gombe Matadi Zone de Santé","gombe matadi","bas congo","gombe-matadi","gombe-matadi"
"126","gungu","kwilu","Bandundu","461","Gungu","Gungu","kl Kwilu Province","kl Gungu Zone de Santé","gungu","kwilu","gungu","gungu"
"127","ibanda","sud-kivu","Sud Kivu","232","Ibanda","Ibanda","sk Sud Kivu Province","sk Ibanda Zone de Santé","ibanda","sud kivu","ibanda",NA
"128","iboko","equateur","Equateur","297","Iboko","Iboko","eq Equateur Province","eq Iboko Zone de Santé","iboko","equateur","iboko","iboko"
"129","idiofa","kwilu","Bandundu","143","Idiofa","Idiofa","kl Kwilu Province","kl Idiofa Zone de Santé","idiofa","kwilu","idiofa","d'idiofa"
"130","idjwi","sud-kivu","Sud Kivu","196","Idjwi","Idjwi","sk Sud Kivu Province","sk Idjwi Zone de Santé","idjwi","sud kivu","idjwi",NA
"131","ikela","tshuapa","Equateur","450","Ikela","Ikela","tu Tshuapa Province","tu Ikela Zone de Santé","ikela","tshuapa","ikela","ikela"
"132","ilebo","kasai","Kasai Occidental","37","Ilebo","Ilebo","ks Kasai Province","ks Ilebo Zone de Santé","ilebo","kasai","ilebo","ilebo"
"133","inga","kongo-central","Bas-Congo","120","Inga","Inga","kc Kongo Central Province","kc Inga Zone de Santé","inga","bas congo","inga","inga"
"134","ingende","equateur","Equateur","298","Ingende","Ingende","eq Equateur Province","eq Ingende Zone de Santé","ingende","equateur","ingende","ingende"
"135","inongo","mai-ndombe","Bandundu","163","Inongo","Inongo","md Maindombe Province","md Inongo Zone de Santé","inongo","mai-ndombe","inongo","inongo"
"136","ipamu","kwilu","Bandundu","144","Ipamu","Ipamu","kl Kwilu Province","kl Ipamu Zone de Santé","ipamu","kwilu","ipamu","d'ipamu"
"137","irebu","equateur","Equateur","421","Irebu","Irebu","eq Equateur Province","eq Irebu Zone de Santé","irebu","equateur","irebu","irebu"
"138","isangi","tshopo","Province Oriental","209","Isangi","Isangi","tp Tshopo Province","tp Isangi Zone de Santé","isangi","tshopo","isangi","isangi"
"139","isiro","haut-uele","Province Oriental","212","Isiro","Isiro","hu Haut Uele Province","hu Isiro Zone de Santé","isiro","haut-uele","isiro","isiro"
"140","itebero","nord-kivu","Nord Kivu","197","Itebero","NA","nk Nord Kivu Province","nk Itebero Zone de Santé","itebero","nord kivu","itebero",NA
"141","itombwe","sud-kivu","Sud Kivu","370","Itombwe","Itombwe","sk Sud Kivu Province","sk Itombwe Zone de Santé","itombwe","sud kivu","itombwe",NA
"142","jiba","ituri","Province Oriental","176","Jiba","Jiba","it Ituri Province","it Jiba Zone de Santé","jiba","ituri","jiba",NA
"143","kabalo","tanganyika","Katanga","466","Kabalo","Kabalo","tn Tanganyika Province","tn Kabalo Zone de Santé","kabalo","tanganyika","kabalo","kabalo"
"144","kabambare","maniema","Maniema","382","Kabambare","Kabambare","mn Maniema Province","mn Kabambare Zone de Santé","kabambare","maniema","kabambare","kabambare"
"145","kabare","sud-kivu","Sud Kivu","198","Kabare","Kabare","sk Sud Kivu Province","sk Kabare Zone de Santé","kabare","sud kivu","kabare",NA
"146","kabeya-kamuanga","kasai-oriental","Kasai Oriental","39","Kabeya Kamuanga","Kabeya-Kamuanga","ke Kasai Oriental Province","ke Kabeya Kamwanga Zone de Santé","kabeya kamwanga","kasai oriental","kabeya-kamwanga","kabeya-kamuanga"
"147","kabinda","lomami","Kasai Oriental","93","Kabinda","Kabinda","lm Lomami Province","lm Kabinda Zone de Santé","kabinda","lomami","kabinda","kabinda"
"148","kabondo","tshopo","Province Oriental","334","Kabondo","Kabondo","tp Tshopo Province","tp Kabondo Zone de Santé","kabondo","tshopo","kabondo","kabondo"
"149","kabondo-dianda","haut-lomami","Katanga","471","Kabondo Dianda","Kabondo-dianda","hl Haut Lomami Province","hl Kabondo Dianda Zone de Santé","kabond dianda","haut-lomami","kabondo-dianda","kabondo-dianda"
"150","kabongo","haut-lomami","Katanga","472","Kabongo","Kabongo","hl Haut Lomami Province","hl Kabongo Zone de Santé","kabongo","haut-lomami","kabongo","kabongo"
"151","kafakumba","lualaba","Katanga","336","Kafakumba","Kafakumba","ll Lualaba Province","ll Kafakumba Zone de Santé","kafakumba","lualaba","kafakumba","kafakumba"
"152","kafubu","haut-katanga","Katanga","483","Kafubu","Kafubu","hk Haut Katanga Province","hk Kafubu Zone de Santé","kafubu","haut-katanga","kafubu","kafubu"
"153","kahele","sud-kivu","Sud Kivu","365","Kahele","Kalehe","sk Sud Kivu Province","sk Kalehe Zone de Santé","kalehe","sud kivu","kalehe",NA
"154","kahemba","kwango","Bandundu","460","Kahemba","Kahemba","kg Kwango Province","kg Kahemba Zone de Santé","kahemba","kwango","kahemba","kahemba"
"155","kailo","maniema","Maniema","454","Kailo","Kailo","mn Maniema Province","mn Kailo Zone de Santé","kailo","maniema","kailo","kailo"
"156","kajiji","kwango","Bandundu","150","Kajiji","Kajiji","kg Kwango Province","kg Kajiji Zone de Santé","kajiji","kwango","kajiji","kajiji"
"157","kakenge","kasai","Kasai Occidental","31","Kakenge","Kakenge","ks Kasai Province","ks Kakenge Zone de Santé","kakenge","kasai","kakenge","kakenge"
"158","kakole","sud-kivu","Sud Kivu","377","Kakole","Kalole","sk Sud Kivu Province","sk Kalole Zone de Santé","kalole","sud kivu","kalole",NA
"159","kalambayi-kabanga","lomami","Kasai Oriental","90","Kalambayi Kabanga","Kalambayi Kabanga","lm Lomami Province","lm Kalambayi Kabanga Zone de Santé","kalambayi","lomami","kalambayi-kabanga","kalambayi"
"160","kalamu-i","kinshasa","Kinshasa","257","Kalamu I","Kalamu I","kn Kinshasa Province","kn Kalamu 1 Zone de Santé","kalamu 1","kinshasa","kalamu-1","kalamu-i"
"161","kalamu-ii","kinshasa","Kinshasa","256","Kalamu II","Kalamu II","kn Kinshasa Province","kn Kalamu 2 Zone de Santé","kalamu 2","kinshasa","kalamu-2","kalamu-ii"
"162","kalemba","lualaba","Katanga","491","Kalemba","Kalamba","ll Lualaba Province","ll Kalamba Zone de Santé","kalamba","lualaba","kalamba","kalamba"
"163","kalemie","tanganyika","Katanga","338","Kalemie","Kalemie","tn Tanganyika Province","tn Kalemie Zone de Santé","kalemi","tanganyika","kalemie","kalemie"
"164","kalenda","lomami","Kasai Oriental","78","Kalenda","Kalenda","lm Lomami Province","lm Kalenda Zone de Santé","kalenda","lomami","kalenda","kalenda"
"165","kalima","maniema","Maniema","384","Kalima","Kalima","mn Maniema Province","mn Kalima Zone de Santé","kalima","maniema","kalima","kalima"
"166","kalomda","kasai-central","Kasai Occidental","6","Kalomda","Kalomda","kr Kasai Central Province","kr Kalomba Zone de Santé","kalomba","kasai central","kalomba","kalomba"
"167","kalonda","kasai","Kasai Occidental","8","Kalonda","Kalonda","ks Kasai Province","ks Kalonda Ouest Zone de Santé","kalonda ouest","kasai","kalonda-ouest","kalonda-ouest"
"168","kalonda-est","lomami","Kasai Oriental","92","Kalonda Est","Kalonda-Est","lm Lomami Province","lm Kalonda Est Zone de Santé","kalonda est","lomami","kalonda-est","kalonda-est"
"169","kalonge","sud-kivu","Sud Kivu","362","Kalonge","Kalonge","sk Sud Kivu Province","sk Kalonge Zone de Santé","kalonge","sud kivu","kalonge",NA
"170","kalunguta","nord-kivu","Nord Kivu","56","Kalunguta","NA","nk Nord Kivu Province","nk Kalunguta Zone de Santé","kalunguta","nord kivu","kalunguta",NA
"171","kamalondo","haut-katanga","NA","516","ZS Kamalondo","NA","hk Haut Katanga Province","hk Kamalondo Zone de Santé","kamalondo","haut-katanga","kamalondo","kamalondo"
"172","kamana","lomami","Kasai Oriental","40","Kamana","Kamana","lm Lomami Province","lm Kamana Zone de Santé","kamana","lomami","kamana","kamane"
"173","kamango","nord-kivu","Nord Kivu","51","Kamango","NA","nk Nord Kivu Province","nk Kamango Zone de Santé","kamango","nord kivu","kamango",NA
"174","kambala","ituri","Province Oriental","278","Kambala","Komanda","it Ituri Province","it Kambala Zone de Santé","kambala","ituri","kambala","kambala"
"175","kambala","ituri","Province Oriental","278","Kambala","Komanda","it Ituri Province","it Kambala Zone de Santé","kambala","ituri","kambala","komanda"
"176","kambove","haut-katanga","Katanga","112","Kambove","Kambove","hk Haut Katanga Province","hk Kambove Zone de Santé","kambove","haut-katanga","kambove","kambove"
"177","kamiji","lomami","Kasai Oriental","79","Kamiji","Kamiji","lm Lomami Province","lm Kamiji Zone de Santé","kamji","lomami","kamiji","kamiji"
"178","kamina","haut-lomami","Katanga","346","Kamina","Kamina","hl Haut Lomami Province","hl Kamina Zone de Santé","kamina","haut-lomami","kamina","kamina"
"179","kamina-base","haut-lomami","Katanga","495","Kamina Base","Baka","hl Haut Lomami Province","hl Baka Zone de Santé","baka","haut-lomami","baka","baka"
"180","kamituga","sud-kivu","Sud Kivu","368","Kamituga","Kamituga","sk Sud Kivu Province","sk Kamituga Zone de Santé","kamituga","sud kivu","kamituga",NA
"181","kamonya","kasai","Kasai Occidental","9","Kamonya","Kamonia","ks Kasai Province","ks Kamonia Zone de Santé","kamonia","kasai","kamonia","kamonia"
"182","kampemba","haut-katanga","Haut Katanga","512","Kampemba","NA","hk Haut Katanga Province","hk Kampemba Zone de Santé","kampemba","haut-katanga","kampemba","kampemba"
"183","kampene","maniema","Maniema","376","Kampene","Kampene","mn Maniema Province","mn Kampene Zone de Santé","kampene","maniema","kampene","kampene"
"184","kamwesha","kasai","Kasai Occidental","22","Kamwesha","Kamuesha","ks Kasai Province","ks Kamwesha Zone de Santé","kamwesha","kasai","kamwesha","kamuesha"
"185","kananga","kasai-central","Kasai Occidental","288","Kananga","Kananga","kr Kasai Central Province","kr Kananga Zone de Santé","kananga","kasai central","kananga","kananga"
"186","kandakanda","lomami","Kasai Oriental","85","Kandakanda","Kanda Kanda","lm Lomami Province","lm Kanda Kanda Zone de Santé","kanda kanda","lomami","kanda-kanda","kanda-kanda"
"187","kandutu","sud-kivu","Sud Kivu","233","Kandutu","Kadutu","sk Sud Kivu Province","sk Kadutu Zone de Santé","kadutu","sud kivu","kadutu",NA
"188","kangu","kongo-central","Bas-Congo","413","Kangu","Kangu","kc Kongo Central Province","kc Kangu Zone de Santé","kangu","bas congo","kangu","kangu"
"189","kaniama","haut-lomami","Katanga","337","Kaniama","Kaniama","hl Haut Lomami Province","hl Kaniama Zone de Santé","kanyama","haut-lomami","kaniama","kaniama"
"190","kaniola","sud-kivu","Sud Kivu","361","Kaniola","Kaniola","sk Sud Kivu Province","sk Kaniola Zone de Santé","kaniola","sud kivu","kaniola",NA
"191","kansele","kasai-oriental","Kasai Oriental","71","Kansele","Kansele","ke Kasai Oriental Province","ke Kansele Zone de Santé","kansele","kasai oriental","kansele","kansele"
"192","kanzala","kasai","Kasai Occidental","284","Kanzala","Kanzala","ks Kasai Province","ks Kanzala Zone de Santé","kanzala","kasai","kanzala","kanzala"
"193","kanzenze","lualaba","Katanga","485","Kanzenze","Kanzenze","ll Lualaba Province","ll Kanzenze Zone de Santé","kanzenze","lualaba","kanzenze","kanzenze"
"194","kapanga","lualaba","Katanga","486","Kapanga","Kapanga","ll Lualaba Province","ll Kapanga Zone de Santé","kapanga","lualaba","kapanga","kapanga"
"195","kapolobwe","haut-katanga","Katanga","351","Kapolobwe","Kapolowe","hk Haut Katanga Province","hk Kapolowe Zone de Santé","kapolowe","haut-katanga","kapolowe","kapolowe"
"196","karawa","nord-ubangi","Equateur","319","Karawa","Karawa","nu Nord Ubangi Province","nu Karawa Zone de Santé","karawa","nord ubangi","karawa","karawa"
"197","karisimbi","nord-kivu","Nord Kivu","503","Karisimbi","Karisimbi","nk Nord Kivu Province","nk Karisimbi Zone de Santé","karisimbi","nord kivu","karisimbi",NA
"198","kasa-vubu","kinshasa","Kinshasa","268","Kasa_Vubu","Kasa-Vubu","kn Kinshasa Province","kn Kasa Vubu Zone de Santé","kasa vub","kinshasa","kasa-vubu","kasa-vubu"
"199","kasaji","lualaba","Katanga","487","Kasaji","Kasaji","ll Lualaba Province","ll Kasaji Zone de Santé","kasaji","lualaba","kasaji","kasaji"
"200","kasansa","kasai-oriental","Kasai Oriental","83","Kasansa","Kasansa","ke Kasai Oriental Province","ke Kasansa Zone de Santé","kasansa","kasai oriental","kasansa","kasansa"
"201","kasenga","haut-katanga","Katanga","446","Kasenga","Kasenga","hk Haut Katanga Province","hk Kasenga Zone de Santé","kasenga","haut-katanga","kasenga","kasenga"
"202","kashobwe","haut-katanga","NA","NA","NA","NA","hk Haut Katanga Province","hk Kashobwe Zone de Santé","kashobwe","haut-katanga","kashobwe","kashobwe"
"203","kasimba","tanganyika","Katanga","339","Kasimba","Kansimba","tn Tanganyika Province","tn Kansimba Zone de Santé","kansimba","tanganyika","kansimba","kansimba"
"204","kasongo","maniema","Maniema","356","Kasongo","Kasongo","mn Maniema Province","mn Kasongo Zone de Santé","kasongo","maniema","kasongo","kasongo"
"205","kasongo-lunda","kwango","Bandundu","407","Kasongo Lunda","Kasongolunda","kg Kwango Province","kg Kasongo Lunda Zone de Santé","kasongo lunda","kwango","kasongo-lunda","kasongo-lunda"
"206","katako-kombe","sankuru","Kasai Oriental","453","Katako Kombe","Katako-Kombe","sn Sankuru Province","sn Katako Kombe Zone de Santé","kata kokombe","sankuru","katako-kombe","zsr-katako-kombe"
"207","katana","sud-kivu","Sud Kivu","501","Katana","Katana","sk Sud Kivu Province","sk Katana Zone de Santé","katana","sud kivu","katana",NA
"208","katende","kasai-central","Kasai Occidental","32","Katende","Katende","kr Kasai Central Province","kr Katende Zone de Santé","katende","kasai central","katende","katende"
"209","katoka","kasai-central","Kasai Occidental","286","Katoka","Katoka","kr Kasai Central Province","kr Katoka Zone de Santé","katoka","kasai central","katoka","katoka"
"210","katuba","haut-katanga","Haut Katanga","507","Katuba","NA","hk Haut Katanga Province","hk Katuba Zone de Santé","katuba","haut-katanga","katuba","katuba"
"211","katwa","nord-kivu","Nord Kivu","61","Katwa","Katwa","nk Nord Kivu Province","nk Katwa Zone de Santé","katwa","nord kivu","katwa",NA
"212","kayamba","haut-lomami","Katanga","474","Kayamba","Kayamba","hl Haut Lomami Province","hl Kayamba Zone de Santé","kayamba","haut-lomami","kayamba","kayamba"
"213","kayna","nord-kivu","Nord Kivu","63","Kayna","Kayna","nk Nord Kivu Province","nk Kayna Zone de Santé","kayna","nord kivu","kayna",NA
"214","kaziba","sud-kivu","Sud Kivu","193","Kaziba","Kaziba","sk Sud Kivu Province","sk Kaziba Zone de Santé","kaziba","sud kivu","kaziba",NA
"215","kenge","kwango","Bandundu","159","Kenge","Kenge","kg Kwango Province","kg Kenge Zone de Santé","kenge","kwango","kenge","kenge"
"216","kenya","haut-katanga","Haut Katanga","508","Kenya","NA","hk Haut Katanga Province","hk Kenya Zone de Santé","kenya","haut-katanga","kenya","kenya"
"217","kiambi","tanganyika","Katanga","348","Kiambi","Kiambi","tn Tanganyika Province","tn Kiambi Zone de Santé","kiyambi","tanganyika","kiambi","kiambi"
"218","kibirizi","nord-kivu","Nord Kivu","55","Kibirizi","NA","nk Nord Kivu Province","nk Kibirizi Zone de Santé","kibirizi","nord kivu","kibirizi",NA
"219","kibombo","maniema","Maniema","325","Kibombo","Kibombo","mn Maniema Province","mn Kibombo Zone de Santé","kibombo","maniema","kibombo","kibombo"
"220","kibua","nord-kivu","Nord Kivu","104","Kibua","NA","nk Nord Kivu Province","nk Kibua Zone de Santé","kibua","nord kivu","kibua",NA
"221","kibunzi","kongo-central","Bas-Congo","125","Kibunzi","Kibunzi","kc Kongo Central Province","kc Kibunzi Zone de Santé","kibunzi","bas congo","kibunzi","kibunzi"
"222","kikenda","kwango","Bandundu","406","Kikenda","Kitenda","kg Kwango Province","kg Kitenda Zone de Santé","kitenda","kwango","kitenda","kitenda"
"223","kikimi","kinshasa","Kinshasa","248","Kikimi","Kikimi","kn Kinshasa Province","kn Kikimi Zone de Santé","kikimi","kinshasa","kikimi","kikimi"
"224","kikongo","kwilu","Bandundu","273","Kikongo","Kikongo","kl Kwilu Province","kl Kikongo Zone de Santé","kikongo","kwilu","kikongo",NA
"225","kikula","haut-katanga","Katanga","350","Kikula","Kikula","hk Haut Katanga Province","hk Kikula Zone de Santé","kikula","haut-katanga","kikula","kikula"
"226","kikwit-nord","kwilu","NA","NA","NA","NA","kl Kwilu Province","kl Kikwit Nord Zone de Santé","kikwit nord","kwilu","kikwit-nord","kikwit-nord"
"227","kikwit-sud","kwilu","Bandundu","497","Kikwit-sud","Kikwit-sud","kl Kwilu Province","kl Kikwit Sud Zone de Santé","kikwit sud","kwilu","kikwit-sud","kikwit-nord"
"228","kikwit-sud","kwilu","Bandundu","497","Kikwit-sud","Kikwit-sud","kl Kwilu Province","kl Kikwit Sud Zone de Santé","kikwit sud","kwilu","kikwit-sud","kikwit-sud"
"229","kikwit-sud","kwilu","Bandundu","498","Kikwit-sud","Kikwit-Nord","kl Kwilu Province","kl Kikwit Sud Zone de Santé","kikwit sud","kwilu","kikwit-sud","kikwit-nord"
"230","kikwit-sud","kwilu","Bandundu","498","Kikwit-sud","Kikwit-Nord","kl Kwilu Province","kl Kikwit Sud Zone de Santé","kikwit sud","kwilu","kikwit-sud","kikwit-sud"
"231","kilela-balanda","haut-katanga","Katanga","484","Kilela Balanda","Kilela Balanda","hk Haut Katanga Province","hk Kilela Balanda Zone de Santé","kilela balanda","haut-katanga","kilela-balanda","kilela-balan"
"232","kilo","ituri","Province Oriental","229","Kilo","Kilo","it Ituri Province","it Kilo Zone de Santé","kilo","ituri","kilo","kilo"
"233","kilwa","haut-katanga","Katanga","345","Kilwa","Kilwa","hk Haut Katanga Province","hk Kilwa Zone de Santé","kilwa","haut-katanga","kilwa","kilwa"
"234","kimbanseke","kinshasa","Kinshasa","291","Kimbanseke","Kimbanseke","kn Kinshasa Province","kn Kimbanseke Zone de Santé","kimbanseke","kinshasa","kimbanseke","kimbanseke"
"235","kimbau","kwango","Bandundu","158","Kimbau","Kimbau","kg Kwango Province","kg Kimbao Zone de Santé","kimbao","kwango","kimbao","kimbau"
"236","kimbi-lulenge","sud-kivu","Sud Kivu","381","Kimbi Lulenge","Kimbi Lulenge","sk Sud Kivu Province","sk Kimbi Lulenge Zone de Santé","lulenge","sud kivu","kimbi-lulenge",NA
"237","kimpangu","kongo-central","Bas-Congo","127","Kimpangu","Kimpangu","kc Kongo Central Province","kc Kimpangu Zone de Santé","kimpangu","bas congo","kimpangu","kimpangu"
"238","kimpese","kongo-central","Bas-Congo","411","Kimpese","Kimpese","kc Kongo Central Province","kc Kimpese Zone de Santé","kimpese","bas congo","kimpese","kimpese"
"239","kimputu","kwilu","Bandundu","240","Kimputu","Kimputu","kl Kwilu Province","kl Kimputu Zone de Santé","kimputu","kwilu","kimputu","kimputu"
"240","kimvula","kongo-central","Bas-Congo","409","Kimvula","Kimvula","kc Kongo Central Province","kc Kimvula Zone de Santé","kimvula","bas congo","kimvula","kimvula"
"241","kinda","haut-lomami","Katanga","490","Kinda","Kinda","hl Haut Lomami Province","hl Kinda Zone de Santé","kinda","haut-lomami","kinda","kinda"
"242","kindu","maniema","Maniema","326","Kindu","Kindu","mn Maniema Province","mn Kindu Zone de Santé","kindu","maniema","kindu","kindu"
"243","kingabwa","kinshasa","Kinshasa","264","Kingabwa","Kingabwa","kn Kinshasa Province","kn Kingabwa Zone de Santé","kingabwa","kinshasa","kingabwa","kingabwa"
"244","kingandu","kwilu","Bandundu","146","Kingandu","Kingandu","kl Kwilu Province","kl Kingandu Zone de Santé","kingandu","kwilu","kingandu","kingandu"
"245","kingasani","kinshasa","Kinshasa","290","Kingasani","Kingasani","kn Kinshasa Province","kn Kingasani Zone de Santé","kingasani","kinshasa","kingasani","kingasani"
"246","kinkonja","haut-lomami","Katanga","342","Kinkonja","Kinkondja","hl Haut Lomami Province","hl Kinkondja Zone de Santé","kinkondja","haut-lomami","kinkondja","kinkondja"
"247","kinkonzi","kongo-central","Bas-Congo","415","Kinkonzi","Kinkonzi","kc Kongo Central Province","kc Kinkonzi Zone de Santé","kinkonzi","bas congo","kinkonzi","kinkonzi"
"248","kinshasa","kinshasa","Kinshasa","254","Kinshasa","Kinshasa","kn Kinshasa Province","kn Kinshasa Zone de Santé","kinshasa","kinshasa","kinshasa","kinshasa"
"249","kintambo","kinshasa","Kinshasa","267","Kintambo","Kintambo","kn Kinshasa Province","kn Kintambo Zone de Santé","kintambo","kinshasa","kintambo","kintambo"
"250","kipushi","haut-katanga","Katanga","481","Kipushi","Kipushi","hk Haut Katanga Province","hk Kipushi Zone de Santé","kipushi","haut-katanga","kipushi","kipushi"
"251","kiri","mai-ndombe","Bandundu","161","Kiri","Kiri","md Maindombe Province","md Kiri Zone de Santé","kiri","mai-ndombe","kiri","kiri"
"252","kirotse","nord-kivu","Nord Kivu","499","Kirotse","Kirotshe","nk Nord Kivu Province","nk Kirotshe Zone de Santé","kirotshe","nord kivu","kirotshe",NA
"253","kisandji","kwango","Bandundu","153","Kisandji","Kisanji","kg Kwango Province","kg Kisanji Zone de Santé","kisandji","kwango","kisanji","kisandji"
"254","kisanga","haut-katanga","Haut Katanga","514","Kisanga","NA","hk Haut Katanga Province","hk Kisanga Zone de Santé","kisanga","haut-katanga","kisanga","kisanga"
"255","kisantu","kongo-central","Bas-Congo","133","Kisantu","Kisantu","kc Kongo Central Province","kc Kisantu Zone de Santé","kisantu","bas congo","kisantu","kisantu"
"256","kisenso","kinshasa","Kinshasa","251","Kisenso","Kisenso","kn Kinshasa Province","kn Kisenso Zone de Santé","kisenso","kinshasa","kisenso","kisenso"
"257","kitangwa","kasai","Kasai Occidental","462","Kitangwa","Kitangwa","ks Kasai Province","ks Kitangwa Zone de Santé","kitangua","kasai","kitangwa","kitangua"
"258","kitenge","haut-lomami","Katanga","475","Kitenge","Kitenge","hl Haut Lomami Province","hl Kitenge Zone de Santé","kitenge","haut-lomami","kitenge","kitenge"
"259","kitona","kongo-central","Bas-Congo","116","Kitona","Kitona","kc Kongo Central Province","kc Kitona Zone de Santé","kitona","bas congo","kitona","kitona"
"260","kitutu","sud-kivu","Sud Kivu","367","Kitutu","Kitutu","sk Sud Kivu Province","sk Kitutu Zone de Santé","kitutu","sud kivu","kitutu",NA
"261","kizu","kongo-central","Bas-Congo","124","Kizu","Kizu","kc Kongo Central Province","kc Kizu Zone de Santé","kizu","bas congo","kizu","kizu"
"262","kokolo","kinshasa","Kinshasa","328","Kokolo","Kokolo","kn Kinshasa Province","kn Kokolo Zone de Santé","kokolo","kinshasa","kokolo","kokolo"
"263","kole","sankuru","Kasai Oriental","65","Kole","Kole","sn Sankuru Province","sn Kole Zone de Santé","kole","sankuru","kole","kole"
"264","komanda","ituri","Province Oriental","170","Komanda","Kambala","it Ituri Province","it Komanda Zone de Santé","komanda","ituri","komanda","kambala"
"265","komanda","ituri","Province Oriental","170","Komanda","Kambala","it Ituri Province","it Komanda Zone de Santé","komanda","ituri","komanda","komanda"
"266","kongolo","tanganyika","Katanga","464","Kongolo","Kongolo","tn Tanganyika Province","tn Kongolo Zone de Santé","kongolo","tanganyika","kongolo","kongolo"
"267","koshibanda","kwilu","Bandundu","145","Koshibanda","Koshibanda","kl Kwilu Province","kl Koshibanda Zone de Santé","koshibanda","kwilu","koshibanda","koshibanda"
"268","kowe","haut-katanga","Katanga","494","Kowe","Kowe","hk Haut Katanga Province","hk Kowe Zone de Santé","kowe","haut-katanga","kowe","kowe"
"269","kuimba","kongo-central","Bas-Congo","414","Kuimba","Kuimba","kc Kongo Central Province","kc Kuimba Zone de Santé","kwimba","bas congo","kuimba","kuimba"
"270","kunda","maniema","Maniema","357","Kunda","Kunda","mn Maniema Province","mn Kunda Zone de Santé","kunda","maniema","kunda","kunda"
"271","kungu","sud-ubangi","Equateur","294","Kungu","Kungu","su Sud Ubangi Province","su Kungu Zone de Santé","kungu","sud ubangi","kungu","kungu"
"272","kwamouth","mai-ndombe","Bandundu","419","Kwamouth","Kwamouth","md Maindombe Province","md Kwamouth Zone de Santé","kwamouth","mai-ndombe","kwamouth","kwamouth"
"273","kwilu-ngongo","kongo-central","Bas-Congo","132","Kwilu Ngongo","Kwilu-Ngongo","kc Kongo Central Province","kc Kwilu Ngongo Zone de Santé","kwilu ngongo","bas congo","kwilu-ngongo","kwilu-ngongo"
"274","kyondo","nord-kivu","Nord Kivu","44","Kyondo","Kyondo","nk Nord Kivu Province","nk Kyondo Zone de Santé","kyondo","nord kivu","kyondo",NA
"275","laybo","ituri","Province Oriental","444","Laybo","Laybo","it Ituri Province","it Laybo Zone de Santé","laybo","ituri","laybo","laybo"
"276","lemba","kinshasa","Kinshasa","249","Lemba","Lemba","kn Kinshasa Province","kn Lemba Zone de Santé","lemba","kinshasa","lemba","lemba"
"277","lemera","sud-kivu","Sud Kivu","374","Lemera","Lemera","sk Sud Kivu Province","sk Lemera Zone de Santé","lemera","sud kivu","lemera",NA
"278","libenge","sud-ubangi","Equateur","429","Libenge","Libenge","su Sud Ubangi Province","su Libenge Zone de Santé","libenge","sud ubangi","libenge","libenge"
"279","likasi","haut-katanga","Katanga","352","Likasi","Likasi","hk Haut Katanga Province","hk Likasi Zone de Santé","likasi","haut-katanga","likasi","likasi"
"280","likati","bas-uele","Province Oriental","387","Likati","Likati","bu Bas Uele Province","bu Likati Zone de Santé","likati","bas-uele","likati","likati"
"281","lilanga-bobangi","equateur","Equateur","426","lilanga Bobangi","Lilanga Bobanga","eq Equateur Province","eq Lilanga Bobangi Zone de Santé","lilanga bobanga","equateur","lilanga-bobangi","lilanga-bobangi"
"282","limeté","kinshasa","Kinshasa","255","Limeté","Limeté","kn Kinshasa Province","kn Limete Zone de Santé","limete","kinshasa","limete","limete"
"283","linga","ituri","Province Oriental","178","Linga","Linga","it Ituri Province","it Linga Zone de Santé","linga","ituri","linga","linga"
"284","lingomo","tshuapa","Equateur","396","Lingomo","Lingomo","tu Tshuapa Province","tu Lingomo Zone de Santé","lingomo","tshuapa","lingomo","lingomo"
"285","lingwala","kinshasa","Kinshasa","252","Lingwala","Lingwala","kn Kinshasa Province","kn Lingwala Zone de Santé","lingwala","kinshasa","lingwala","lingwala"
"286","lisala","mongala","Equateur","314","Lisala","Lisala","mg Mongala Province","mg Lisala Zone de Santé","lisala","mongala","lisala","lisala"
"287","lita","ituri","Province Oriental","174","Lita","Lita","it Ituri Province","it Lita Zone de Santé","lita","ituri","lita","lita"
"288","lodja","sankuru","Kasai Oriental","100","Lodja","Lodja","sn Sankuru Province","sn Lodja Zone de Santé","lodja","sankuru","lodja","lodja"
"289","logo","ituri","Province Oriental","281","Logo","Logo","it Ituri Province","it Logo Zone de Santé","logo","ituri","logo","logo"
"290","loko","nord-ubangi","Equateur","308","Loko","Loko","nu Nord Ubangi Province","nu Loko Zone de Santé","loko","nord ubangi","loko","loko"
"291","lolo","mongala","Equateur","389","Lolo","Lolo","mg Mongala Province","mg Lolo Zone de Santé","lolo","mongala","lolo","lolo"
"292","lolwa","ituri","Province Oriental","169","Lolwa","Lolwa","it Ituri Province","it Lolwa Zone de Santé","lolwa","ituri","lolwa","lolwa"
"293","lomela","sankuru","Kasai Oriental","452","Lomela","Lomela","sn Sankuru Province","sn Lomela Zone de Santé","lomela","sankuru","lomela","lomela"
"294","lotumbe","equateur","Equateur","301","Lotumbe","Lotumbe","eq Equateur Province","eq Lotumbe Zone de Santé","lotumbe","equateur","lotumbe","lotumbe"
"295","lowa","tshopo","Province Oriental","403","Lowa","Lowa","tp Tshopo Province","tp Lowa Zone de Santé","lowa","tshopo","lowa","lowa"
"296","lualaba","lualaba","Katanga","283","Lualaba","Lualaba","ll Lualaba Province","ll Lualaba Zone de Santé","lwalaba","lualaba","lualaba","lualaba"
"297","luambo","kasai-central","Kasai Occidental","12","Luambo","Luambo","kr Kasai Central Province","kr Luambo Zone de Santé","luambo","kasai central","luambo","luambo"
"298","lubao","lomami","Kasai Oriental","110","Lubao","Lubao","lm Lomami Province","lm Lubao Zone de Santé","lubao","lomami","lubao","lubao"
"299","lubero","nord-kivu","Nord Kivu","48","Lubero","Lubero","nk Nord Kivu Province","nk Lubero Zone de Santé","lubero","nord kivu","lubero",NA
"300","lubilanji","kasai-oriental","Kasai Oriental","69","Lubilanji","Lubilanji","ke Kasai Oriental Province","ke Lubilanji Zone de Santé","lubilanji","kasai oriental","lubilanji","lubilanji"
"301","lubondaie","kasai-central","Kasai Occidental","33","Lubondaie","Lubondayi","kr Kasai Central Province","kr Lubondaie Zone de Santé","lubondaie","kasai central","lubondaie","lubondayi"
"302","lubudi","lualaba","Katanga","469","Lubudi","Lubudi","ll Lualaba Province","ll Lubudi Zone de Santé","lubudi","lualaba","lubudi","lubudi"
"303","lubumbashi","haut-katanga","Haut Katanga","510","Lubumbashi","NA","hk Haut Katanga Province","hk Lubumbashi Zone de Santé","lubumbashi","haut-katanga","lubumbashi","lubumbashi"
"304","lubunga","kasai-central","Kasai Occidental","35","Lubunga","Lubunga","kr Kasai Central Province","kr Lubunga Zone de Santé","lubunga","kasai central","lubunga","lubunga"
"305","lubunga","tshopo","Kasai Occidental","35","Lubunga","Lubunga","tp Tshopo Province","tp Lubunga Zone de Santé","lubunga","tshopo","lubunga","lubunga"
"306","lubunga","kasai-central","Province Oriental","332","Lubunga","Lubunga","kr Kasai Central Province","kr Lubunga Zone de Santé","lubunga","kasai central","lubunga","lubunga"
"307","lubunga","tshopo","Province Oriental","332","Lubunga","Lubunga","tp Tshopo Province","tp Lubunga Zone de Santé","lubunga","tshopo","lubunga","lubunga"
"308","lubutu","maniema","Maniema","405","Lubutu","Lubutu","mn Maniema Province","mn Lubutu Zone de Santé","lubutu","maniema","lubutu","lubutu"
"309","ludimbi-lukula","lomami","NA","NA","NA","NA","lm Lomami Province","lm Ludimbi Lukula Zone de Santé","ludimbi lukula","lomami","ludimbi-lukula","ludimbi-lukula"
"310","luebo","kasai","Kasai Occidental","24","Luebo","Luebo","ks Kasai Province","ks Luebo Zone de Santé","luebo","kasai","luebo","luebo"
"311","luiza","kasai-central","Kasai Occidental","16","Luiza","Luiza","kr Kasai Central Province","kr Luiza Zone de Santé","luiza","kasai central","luiza","luiza"
"312","lukafu","haut-katanga","Katanga","343","Lukafu","Lukafu","hk Haut Katanga Province","hk Lukafu Zone de Santé","lukafu","haut-katanga","lukafu","lukafu"
"313","lukashi-lualu","NA","Kasai Oriental","91","Lukashi lualu","NA","NA","NA","NA","NA",NA,NA
"314","lukelenge","kasai-oriental","Kasai Oriental","72","Lukelenge","Lukalenge","ke Kasai Oriental Province","ke Lukelenge Zone de Santé","lukelenge","kasai oriental","lukelenge","lukalenge"
"315","lukolela","equateur","Equateur","423","Lukolela","Lukolela","eq Equateur Province","eq Lukolela Zone de Santé","lukolela","equateur","lukolela","lukolela"
"316","lukonga","kasai-central","Kasai Occidental","287","Lukonga","Lukonga","kr Kasai Central Province","kr Lukonga Zone de Santé","lukonga","kasai central","lukonga","lukonga"
"317","lukula","kongo-central","Bas-Congo","121","Lukula","Lukula","kc Kongo Central Province","kc Lukula Zone de Santé","lukula","bas congo","lukula","lukula"
"318","lulingu","sud-kivu","Sud Kivu","448","Lulingu","Lulingu","sk Sud Kivu Province","sk Lulingu Zone de Santé","lulingu","sud kivu","lulingu",NA
"319","luozi","kongo-central","Bas-Congo","126","Luozi","Luozi","kc Kongo Central Province","kc Luozi Zone de Santé","luozi","bas congo","luozi","luozi"
"320","luputa","lomami","Kasai Oriental","77","Luputa","Luputa","lm Lomami Province","lm Luputa Zone de Santé","luputa","lomami","luputa","luputa"
"321","lusambo","sankuru","Kasai Oriental","97","Lusambo","Lusambo","sn Sankuru Province","sn Lusambo Zone de Santé","lusambo","sankuru","lusambo","lusambo"
"322","lusanga","kwilu","Bandundu","496","Lusanga","Lusanga","kl Kwilu Province","kl Lusanga Zone de Santé","lusanga","kwilu","lusanga","lusanga"
"323","lusangi","maniema","Maniema","358","Lusangi","Lusangi","mn Maniema Province","mn Lusangi Zone de Santé","lusangi","maniema","lusangi","lusangi"
"324","lwamba","haut-lomami","Katanga","478","Lwamba","Lwamba","hl Haut Lomami Province","hl Lwamba Zone de Santé","lwamba","haut-lomami","lwamba","lwamba"
"325","mabalako","nord-kivu","Nord Kivu","45","Mabalako","NA","nk Nord Kivu Province","nk Mabalako Zone de Santé","mabalako","nord kivu","mabalako",NA
"326","mahagi","ituri","Province Oriental","177","Mahagi","Mahagi","it Ituri Province","it Mahagi Zone de Santé","mahagi","ituri","mahagi","mahagi"
"327","makala","kinshasa","Kinshasa","259","Makala","Makala","kn Kinshasa Province","kn Makala Zone de Santé","makala","kinshasa","makala","makala"
"328","makiso-kisangani","tshopo","Province Oriental","331","Makiso Kisangani","Makiso-Kisangani","tp Tshopo Province","tp Makiso Kisangani Zone de Santé","makiso k","tshopo","makiso-kisangani","makiso-kis"
"329","makoro","haut-uele","Province Oriental","443","Makoro","Makoro","hu Haut Uele Province","hu Makoro Zone de Santé","makoro","haut-uele","makoro","makoro"
"330","makota","lomami","Kasai Oriental","42","Makota","Makota","lm Lomami Province","lm Makota Zone de Santé","makota","lomami","makota","makota"
"331","malemba-nkulu","haut-lomami","Katanga","480","Malemba Nkulu","Malemba-Nkulu","hl Haut Lomami Province","hl Malemba Nkulu Zone de Santé","malemba nkulu","haut-lomami","malemba-nkulu","malemba"
"332","maluku-i","kinshasa","Kinshasa","272","Maluku I","Maluku I","kn Kinshasa Province","kn Maluku 1 Zone de Santé","maluku1","kinshasa","maluku-1","maluku-i"
"333","maluku-ii","kinshasa","Kinshasa","410","Maluku II","Maluku II","kn Kinshasa Province","kn Maluku 2 Zone de Santé","maluku2","kinshasa","maluku-2","maluku-ii"
"334","mambasa","ituri","Province Oriental","226","Mambasa","Mambasa","it Ituri Province","it Mambasa Zone de Santé","mambasa","ituri","mambasa","mambasa"
"335","mampoko","equateur","Equateur","295","Mampoko","Lolanga Mampoko","eq Equateur Province","eq Mampoko Zone de Santé","lolanga mampoko","equateur","mampoko","lolanga-mampoko"
"336","mandima","ituri","Province Oriental","168","Mandima","Mandima","it Ituri Province","it Mandima Zone de Santé","mandima","ituri","mandima","mandima"
"337","mangala","ituri","Province Oriental","183","Mangala","Mangala","it Ituri Province","it Mangala Zone de Santé","mangala","ituri","mangala","mangala"
"338","mangembo","kongo-central","Bas-Congo","416","Mangembo","Mangembo","kc Kongo Central Province","kc Mangembo Zone de Santé","mangembo","bas congo","mangembo","mangembo"
"339","mangobo","tshopo","Province Oriental","333","Mangobo","Mangobo","tp Tshopo Province","tp Mangobo Zone de Santé","mangobo","tshopo","mangobo","mangobo"
"340","manguredj","0","NA","NA","NA","NA","NA","NA","manguredj","0",NA,NA
"341","manguredjipa","nord-kivu","Nord Kivu","49","Manguredjipa","Manguredjipa","nk Nord Kivu Province","nk Manguredjipa Zone de Santé","mangupa","nord kivu","manguredjipa",NA
"342","manika","lualaba","Katanga","492","Manika","Manika","ll Lualaba Province","ll Manika Zone de Santé","manika","lualaba","manika","manika"
"343","mankanza","equateur","Equateur","313","Mankanza","Makanza","eq Equateur Province","eq Makanza Zone de Santé","makanza","equateur","makanza","mankanza"
"344","manono","tanganyika","Katanga","349","Manono","Manono","tn Tanganyika Province","tn Manono Zone de Santé","manono","tanganyika","manono","manono"
"345","masereka","nord-kivu","Nord Kivu","47","Masereka","Masereka","nk Nord Kivu Province","nk Masereka Zone de Santé","masereka","nord kivu","masereka",NA
"346","masi-manimba","kwilu","Bandundu","141","Masi Manimba","Masi-manimba","kl Kwilu Province","kl Masi Manimba Zone de Santé","masimanimba","kwilu","masi-manimba","masi-manimba"
"347","masina-i","kinshasa","Kinshasa","266","Masina I","Masina I","kn Kinshasa Province","kn Masina 1 Zone de Santé","masina1","kinshasa","masina-1","masina-i"
"348","masina-ii","kinshasa","Kinshasa","265","Masina II","Masina II","kn Kinshasa Province","kn Masina 2 Zone de Santé","masina2","kinshasa","masina-2","masina-ii"
"349","masisi","nord-kivu","Nord Kivu","103","Kitoyi","NA","nk Nord Kivu Province","nk Katoyi Zone de Santé","masisi","nord kivu","katoyi",NA
"350","masisi","nord-kivu","Nord Kivu","105","Masisi","Masisi","nk Nord Kivu Province","nk Masisi Zone de Santé","masisi","nord kivu","masisi",NA
"351","massa","kongo-central","Bas-Congo","418","Massa","Masa","kc Kongo Central Province","kc Massa Zone de Santé","masa","bas congo","massa","masa"
"352","matadi","kongo-central","Bas-Congo","243","Matadi","Matadi","kc Kongo Central Province","kc Matadi Zone de Santé","matadi","bas congo","matadi","matadi"
"353","matete","kinshasa","Kinshasa","250","Matete","Matete","kn Kinshasa Province","kn Matete Zone de Santé","matete","kinshasa","matete","matete"
"354","mawuya","sud-ubangi","Equateur","427","Mawuya","Mawuya","su Sud Ubangi Province","su Mawuya Zone de Santé","mawuya","sud ubangi","mawuya","mawuya"
"355","mbandaka","equateur","Equateur","299","Mbandaka","Mbandaka","eq Equateur Province","eq Mbandaka Zone de Santé","mbandaka","equateur","mbandaka","mbandaka"
"356","mbanza-ngungu","kongo-central","Bas-Congo","131","Mbanza Ngungu","Mbanza-Ngungu","kc Kongo Central Province","kc Mbanza Ngungu Zone de Santé","mbanza ngungu","bas congo","mbanza-ngungu","mbanza-ngungu"
"357","mbaya","sud-ubangi","Equateur","322","Mbaya","Mbaya","su Sud Ubangi Province","su Mbaya Zone de Santé","mbaya","sud ubangi","mbaya","mbaya"
"358","mbomomange","NA","Province Oriental","225","Mbomomange","NA","NA","NA","NA","NA",NA,NA
"359","mbulala","tanganyika","Katanga","465","Mbulala","Mbulula","tn Tanganyika Province","tn Mbulula Zone de Santé","mbulula","tanganyika","mbulula","mbulula"
"360","miabi","kasai-oriental","Kasai Oriental","66","Miabi","Miabi","ke Kasai Oriental Province","ke Miabi Zone de Santé","miabi","kasai oriental","miabi","miabi"
"361","mikalayi","kasai-central","Kasai Occidental","25","Mikalayi","Mikalayi","kr Kasai Central Province","kr Mikalayi Zone de Santé","mikalayi","kasai central","mikalayi","mikalayi"
"362","mikope","kasai","Kasai Occidental","136","Mikope","Mikope","ks Kasai Province","ks Mikope Zone de Santé","mikope","kasai","mikope","mikope"
"363","mimia","mai-ndombe","Bandundu","138","Mimia","Mimia","md Maindombe Province","md Mimia Zone de Santé","mimia","mai-ndombe","mimia","mimia"
"364","minembwe","sud-kivu","Sud Kivu","371","Minembwe","Minembwe","sk Sud Kivu Province","sk Minembwe Zone de Santé","minembwe","sud kivu","minembwe",NA
"365","minga","sankuru","Kasai Oriental","96","Minga","Minga","sn Sankuru Province","sn Minga Zone de Santé","minga","sankuru","minga","minga"
"366","minova","sud-kivu","Sud Kivu","500","Minova","Minova","sk Sud Kivu Province","sk Minova Zone de Santé","minova","sud kivu","minova",NA
"367","miti-murhesa","sud-kivu","Sud Kivu","363","Miti Murhesa","Miti - Murhesa","sk Sud Kivu Province","sk Miti Murhesa Zone de Santé","miti-murhesa","sud kivu","miti-murhesa",NA
"368","mitwaba","haut-katanga","Katanga","347","Mitwaba","Mitwaba","hk Haut Katanga Province","hk Mitwaba Zone de Santé","mitwaba","haut-katanga","mitwaba","mitwaba"
"369","moanda","kongo-central","Bas-Congo","115","Moanda","Muanda","kc Kongo Central Province","kc Muanda Zone de Santé","muanda","bas congo","muanda","moanda"
"370","moaza","kwilu","Bandundu","157","Moaza","Moanza","kl Kwilu Province","kl Moanza Zone de Santé","moanza","kwilu","moanza","mwanza"
"371","moba","tanganyika","Katanga","111","Moba","Moba","tn Tanganyika Province","tn Moba Zone de Santé","moba","tanganyika","moba","moba"
"372","mobayi-mbongo","nord-ubangi","Equateur","433","Mobayi Mbongo","Mobayi","nu Nord Ubangi Province","nu Mobayi Mbongo Zone de Santé","mobayi mbongo","nord ubangi","mobayi-mbongo","mobayi"
"373","mokala","kwilu","Bandundu","239","Mokala","Mokala","kl Kwilu Province","kl Mokala Zone de Santé","mokala","kwilu","mokala","mokala"
"374","mompono","tshuapa","Equateur","307","Mompono","Mompono","tu Tshuapa Province","tu Mompono Zone de Santé","mompono","tshuapa","mompono","mompono"
"375","mondombe","tshuapa","Equateur","397","Mondombe","Mondombe","tu Tshuapa Province","tu Mondombe Zone de Santé","mondombe","tshuapa","mondombe","mondombe"
"376","monga","bas-uele","Province Oriental","435","Monga","Monga","bu Bas Uele Province","bu Monga Zone de Santé","monga","bas-uele","monga","monga"
"377","mongbwalu","ituri","Province Oriental","228","Mongbwalu","Mongbwalu","it Ituri Province","it Mongbwalu Zone de Santé","mongbwalu","ituri","mongbwalu","mongbwalu"
"378","monika","equateur","Equateur","300","Monika","Monieka","eq Equateur Province","eq Monieka Zone de Santé","monieka","equateur","monieka","monieka"
"379","monkoto","tshuapa","Equateur","458","Monkoto","Monkoto","tu Tshuapa Province","tu Monkoto Zone de Santé","monkoto","tshuapa","monkoto","monkoto"
"380","mont-ngafula-i","kinshasa","Kinshasa","246","Mont Ngafula I","Mont-Ngafula I","kn Kinshasa Province","kn Mont Ngafula 1 Zone de Santé","mont nga1","kinshasa","mont-ngafula-1","mont-ngafula-i"
"381","mont-ngafula-ii","kinshasa","Kinshasa","274","Mont Ngafula II","Mont-Ngafula II","kn Kinshasa Province","kn Mont Ngafula 2 Zone de Santé","mont nga 2","kinshasa","mont-ngafula-2","mont-ngafula-ii"
"382","mosango","kwilu","Bandundu","241","Mosango","Mosango","kl Kwilu Province","kl Mosango Zone de Santé","mosango","kwilu","mosango","mosango"
"383","mpokolo","kasai-oriental","Kasai Oriental","76","Mpokolo","Mpokolo","ke Kasai Oriental Province","ke Mpokolo Zone de Santé","mpokolo","kasai oriental","mpokolo","mpokolo"
"384","mubumbano","sud-kivu","Sud Kivu","199","Mubumbano","Mubumbano","sk Sud Kivu Province","sk Mubumbano Zone de Santé","mubumbano","sud kivu","mubumbano",NA
"385","mufunga-sampwe","haut-katanga","Katanga","344","Mufunga Sampwe","Mufunga-Sampwe","hk Haut Katanga Province","hk Mufunga Sampwe Zone de Santé","mufunga sampwe","haut-katanga","mufunga-sampwe","mufunga-s"
"386","mukanga","haut-lomami","Katanga","479","Mukanga","Mukanga","hl Haut Lomami Province","hl Mukanga Zone de Santé","mukanga","haut-lomami","mukanga","mukanga"
"387","mukedi","kwilu","Bandundu","463","Mukedi","Mukedi","kl Kwilu Province","kl Mukedi Zone de Santé","mukedi","kwilu","mukedi","mukedi"
"388","mukumbi","kasai-oriental","Kasai Oriental","88","Mukumbi","Mukumbi","ke Kasai Oriental Province","ke Mukumbi Zone de Santé","mukumbi","kasai oriental","mukumbi","mukumbi"
"389","mulongo","haut-lomami","Katanga","477","Mulongo","Mulongo","hl Haut Lomami Province","hl Mulongo Zone de Santé","mulongo","haut-lomami","mulongo","mulongo"
"390","mulumba","lomami","Kasai Oriental","82","Mulumba","Mulumba","lm Lomami Province","lm Mulumba Zone de Santé","mulumba","lomami","mulumba","mulumba"
"391","mulungu","sud-kivu","Sud Kivu","360","Mulungu","Mulungu","sk Sud Kivu Province","sk Mulungu Zone de Santé","mulungu","sud kivu","mulungu",NA
"392","mumbunda","haut-katanga","Haut Katanga","509","Mumbunda","NA","hk Haut Katanga Province","hk Mumbunda Zone de Santé","mumbunda","haut-katanga","mumbunda","mumbunda"
"393","mungindu","kwilu","Bandundu","238","Mungindu","Mungindu","kl Kwilu Province","kl Mungindu Zone de Santé","mungindu","kwilu","mungindu","mungindu"
"394","mushenge","kasai","Kasai Occidental","38","Mushenge","Mushenge","ks Kasai Province","ks Mushenge Zone de Santé","mushenge","kasai","mushenge","mushenge"
"395","mushie","mai-ndombe","Bandundu","164","Mushie","Mushie","md Maindombe Province","md Mushie Zone de Santé","mushie","mai-ndombe","mushie","mushie"
"396","musienene","nord-kivu","Nord Kivu","59","Musienene","Musienene","nk Nord Kivu Province","nk Musienene Zone de Santé","musienene","nord kivu","musienene",NA
"397","musuika","kasai-central","Kasai Occidental","10","Musuika","Masuika","kr Kasai Central Province","kr Masuika Zone de Santé","masuika","kasai central","masuika","masuika"
"398","mutenna","kasai","Kasai Occidental","13","Mutenna","Mutena","ks Kasai Province","ks Mutena Zone de Santé","mutena","kasai","mutena","mutena"
"399","mutoto","kasai-central","Kasai Occidental","26","Mutoto","Mutoto","kr Kasai Central Province","kr Mutoto Zone de Santé","mutoto","kasai central","mutoto","mutoto"
"400","mutshatsha","lualaba","Katanga","468","Mutshatsha","Mutshatsha","ll Lualaba Province","ll Mutshatsha Zone de Santé","mutshatsha","lualaba","mutshatsha","muthsatsha"
"401","mutwanga","nord-kivu","Nord Kivu","50","Mutwanga","Mutwanga","nk Nord Kivu Province","nk Mutwanga Zone de Santé","mutwanga","nord kivu","mutwanga",NA
"402","muya","kasai-oriental","Kasai Oriental","73","Muya","Muya","ke Kasai Oriental Province","ke Muya Zone de Santé","muya","kasai oriental","muya","muya"
"403","mwana","sud-kivu","Sud Kivu","192","Mwana","Mwana","sk Sud Kivu Province","sk Mwana Zone de Santé","mwana","sud kivu","mwana",NA
"404","mweka","kasai","Kasai Occidental","29","Mweka","Mweka","ks Kasai Province","ks Mweka Zone de Santé","mweka","kasai","mweka","mweka"
"405","mwela-lemba","kwango","Bandundu","151","Mwela Lemba","Mwela Lembwa","kg Kwango Province","kg Mwela Lembwa Zone de Santé","mwela lembwa","kwango","mwela-lembwa","mwela-lembwa"
"406","mwene-ditu","lomami","Kasai Oriental","43","Mwene Ditu","Mwene-Ditu","lm Lomami Province","lm Mweneditu Zone de Santé","muene ditu","lomami","mweneditu","mwene-ditu"
"407","mwenga","sud-kivu","Sud Kivu","369","Mwenga","Mwenga","sk Sud Kivu Province","sk Mwenga Zone de Santé","mwenga","sud kivu","mwenga",NA
"408","mweso","nord-kivu","Nord Kivu","106","Mweso","Mweso","nk Nord Kivu Province","nk Mweso Zone de Santé","mweso","nord kivu","mweso",NA
"409","mwetshi","kasai-central","Kasai Occidental","36","Mwetshi","Muetshi","kr Kasai Central Province","kr Muetshi Zone de Santé","mwetshi","kasai central","muetshi","mwetshi"
"410","ndage","sud-ubangi","Equateur","318","Ndage","Ndage","su Sud Ubangi Province","su Ndage Zone de Santé","ndage","sud ubangi","ndage","ndage"
"411","ndekesha","kasai-central","Kasai Occidental","14","Ndekesha","Ndekesha","kr Kasai Central Province","kr Ndekesha Zone de Santé","ndekesha","kasai central","ndekesha","ndekesha"
"412","ndesha","kasai-central","Kasai Occidental","20","Ndesha","Ndesha","kr Kasai Central Province","kr Ndesha Zone de Santé","ndesha","kasai central","ndesha","ndesha"
"413","ndjili","kinshasa","Kinshasa","245","Ndjili","Ndjili","kn Kinshasa Province","kn Ndjili Zone de Santé","ndjili","kinshasa","ndjili","ndjili"
"414","ndjoko-punda","kasai","Kasai Occidental","23","Ndjoko Punda","Ndjoku Punda","ks Kasai Province","ks Ndjoko Mpunda Zone de Santé","ndjoko mpunda","kasai","ndjoko-mpunda","ndjoko-punda"
"415","ngaba","kinshasa","Kinshasa","260","Ngaba","Ngaba","kn Kinshasa Province","kn Ngaba Zone de Santé","ngaba","kinshasa","ngaba","ngaba"
"416","ngandajika","lomami","Kasai Oriental","84","Ngandajika","Gandajika","lm Lomami Province","lm NGandajika Zone de Santé","gandajika","lomami","ngandajika","ngandajika"
"417","ngidinga","kongo-central","Bas-Congo","128","Ngidinga","Ngidinga","kc Kongo Central Province","kc Ngidinga Zone de Santé","ngidinga","bas congo","ngidinga","ngidinga"
"418","ngiri-ngiri","kinshasa","Kinshasa","269","Ngiri_Ngiri","Ngiri-Ngiri","kn Kinshasa Province","kn Ngiri Ngiri Zone de Santé","ngiri ngiri","kinshasa","ngiri-ngiri","ngiri--ngiri"
"419","niangara","haut-uele","Province Oriental","188","Niangara","Niangara","hu Haut Uele Province","hu Niangara Zone de Santé","niangara","haut-uele","niangara","niangara"
"420","niania","ituri","Province Oriental","211","Niania","Nia-Nia","it Ituri Province","it Nia Nia Zone de Santé","nia nia","ituri","nia-nia","niania"
"421","nioki","mai-ndombe","Bandundu","135","Nioki","Nioki","md Maindombe Province","md Nioki Zone de Santé","nioki","mai-ndombe","nioki","nioki"
"422","nizi","ituri","Province Oriental","173","Nizi","Nizi","it Ituri Province","it Nizi Zone de Santé","nizi","ituri","nizi","nizi"
"423","nsele","kinshasa","Kinshasa","276","Nsele","Nsele","kn Kinshasa Province","kn Nsele Zone de Santé","nsele","kinshasa","nsele",NA
"424","nselo","kongo-central","Bas-Congo","129","Nselo","Nselo","kc Kongo Central Province","kc Nselo Zone de Santé","nselo","bas congo","nselo","nselo"
"425","ntondo","equateur","Equateur","296","Ntondo","Ntondo","eq Equateur Province","eq Ntondo Zone de Santé","ntondo","equateur","ntondo","ntondo"
"426","nundu","sud-kivu","Sud Kivu","372","Nundu","Nundu","sk Sud Kivu Province","sk Nundu Zone de Santé","nundu","sud kivu","nundu",NA
"427","nyakunde","ituri","Province Oriental","180","Nyakunde","Nyankunde","it Ituri Province","it Nyankunde Zone de Santé","nyakunde","ituri","nyankunde","nyankunde"
"428","nyanga","kasai","Kasai Occidental","7","Nyanga","Nyanga","ks Kasai Province","ks Nyanga Zone de Santé","nyanga","kasai","nyanga","nyanga"
"429","nyangezi","sud-kivu","Sud Kivu","195","Nyangezi","Nyangezi","sk Sud Kivu Province","sk Nyangezi Zone de Santé","nyangezi","sud kivu","nyangezi",NA
"430","nyarambe","ituri","Province Oriental","280","Nyarambe","Nyarambe","it Ituri Province","it Nyarambe Zone de Santé","nyarambe","ituri","nyarambe","nyarambe"
"431","nyatende","sud-kivu","Sud Kivu","194","Nyatende","Nyantende","sk Sud Kivu Province","sk Nyantende Zone de Santé","nyantende","sud kivu","nyantende",NA
"432","nyemba","tanganyika","Katanga","378","Nyemba","Nyemba","tn Tanganyika Province","tn Nyemba Zone de Santé","nyemba","tanganyika","nyemba","nyemba"
"433","nyiragongo","nord-kivu","Nord Kivu","502","Nyiragongo","NA","nk Nord Kivu Province","nk Nyiragongo Zone de Santé","nyiragongo","nord kivu","nyiragongo",NA
"434","nyunzu","tanganyika","Katanga","380","Nyunzu","Nyunzu","tn Tanganyika Province","tn Nyunzu Zone de Santé","nyunzu","tanganyika","nyunzu","nyunzu"
"435","nzaba","kasai-oriental","Kasai Oriental","67","Nzaba","Nzaba","ke Kasai Oriental Province","ke Nzaba Zone de Santé","nzaba","kasai oriental","nzaba","nzaba"
"436","nzanza","kongo-central","Bas-Congo","244","Nzanza","Nzanza","kc Kongo Central Province","kc Nzanza Zone de Santé","nzanza","bas congo","nzanza","nzanza"
"437","obokote","maniema","Maniema","401","Obokote","Obokote","mn Maniema Province","mn Obokote Zone de Santé","obokote","maniema","obokote","obokote"
"438","oicha","nord-kivu","Nord Kivu","52","Oicha","Oicha","nk Nord Kivu Province","nk Oicha Zone de Santé","oicha","nord kivu","oicha",NA
"439","omondjadi","sankuru","Kasai Oriental","101","Omondjadi","Omendjadi","sn Sankuru Province","sn Omendjadi Zone de Santé","omondjadi","sankuru","omendjadi","omedjadi"
"440","opala","tshopo","Province Oriental","451","Opala","Opala","tp Tshopo Province","tp Opala Zone de Santé","opala","tshopo","opala","opala"
"441","opienge","tshopo","Province Oriental","400","Opienge","Opienge","tp Tshopo Province","tp Opienge Zone de Santé","opienge","tshopo","opienge","opienge"
"442","oshwe","mai-ndombe","Bandundu","137","Oshwe","Oshwe","md Maindombe Province","md Oshwe Zone de Santé","oshwe","mai-ndombe","oshwe","oshwe"
"443","ototo","sankuru","NA","NA","NA","NA","sn Sankuru Province","sn Ototo Zone de Santé","ototo","sankuru","ototo","ototo"
"444","panda","haut-katanga","Katanga","353","Panda","Panda","hk Haut Katanga Province","hk Panda Zone de Santé","panda","haut-katanga","panda","panda"
"445","pangi","maniema","Maniema","383","Pangi","Pangi","mn Maniema Province","mn Pangi Zone de Santé","pangi","maniema","pangi","pangi"
"446","pania-mutombo","sankuru","Kasai Oriental","95","Pania Mutombo","Pania Mutombo","sn Sankuru Province","sn Pania Mutombo Zone de Santé","pania mutombo","sankuru","pania-mutombo","mpanya-mutombo"
"447","panzi","kwango","Bandundu","155","Panzi","Panzi","kg Kwango Province","kg Panzi Zone de Santé","panzi","kwango","panzi","panzi"
"448","pawa","haut-uele","Province Oriental","167","Pawa","Pawa","hu Haut Uele Province","hu Pawa Zone de Santé","pawa","haut-uele","pawa","pawa"
"449","pay-kongila","kwilu","Bandundu","242","Pay Kongila","Pay Kongila","kl Kwilu Province","kl Pay Kongila Zone de Santé","pay kongila","kwilu","pay-kongila","pay-kongila"
"450","penzwa","mai-ndombe","Bandundu","162","Penzwa","Pendjua","md Maindombe Province","md Pendjwa Zone de Santé","pendjwa","mai-ndombe","pendjwa","pendjwa"
"451","pimu","mongala","Equateur","1","Pimu","Pimu","mg Mongala Province","mg Pimu Zone de Santé","pimu","mongala","pimu","pimu"
"452","pinga","nord-kivu","Nord Kivu","108","Pinga","Pinga","nk Nord Kivu Province","nk Pinga Zone de Santé","pinga","nord kivu","pinga",NA
"453","poko","bas-uele","Province Oriental","191","Poko","Poko","bu Bas Uele Province","bu Poko Zone de Santé","poko","bas-uele","poko","poko"
"454","police","kinshasa","Kinshasa","329","Police","Police","kn Kinshasa Province","kn Police Zone de Santé","police","kinshasa","police","police"
"455","popokabaka","kwango","Bandundu","408","Popokabaka","Popokabaka","kg Kwango Province","kg Popokabaka Zone de Santé","popokabaka","kwango","popokabaka","popokabaka"
"456","punia","maniema","Maniema","449","Punia","Punia","mn Maniema Province","mn Punia Zone de Santé","punia","maniema","punia","punia"
"457","pweto","haut-katanga","Katanga","340","Pweto","Pweto","hk Haut Katanga Province","hk Pweto Zone de Santé","pweto","haut-katanga","pweto","pweto"
"458","rethy","ituri","Province Oriental","277","Rethy","Rethy","it Ituri Province","it Rethy Zone de Santé","rethy","ituri","rethy","rethy"
"459","rimba","ituri","Province Oriental","181","Rimba","Rimba","it Ituri Province","it Rimba Zone de Santé","rimba","ituri","rimba","rimba"
"460","ruashi","haut-katanga","Haut Katanga","513","Ruashi","NA","hk Haut Katanga Province","hk Ruashi Zone de Santé","rwashi","haut-katanga","ruashi","ruashi"
"461","rungu","haut-uele","Province Oriental","189","Rungu","Rungu","hu Haut Uele Province","hu Rungu Zone de Santé","rungu","haut-uele","rungu","rungu"
"462","rutshuru","nord-kivu","Nord Kivu","506","Rutshuru","Rutshuru","nk Nord Kivu Province","nk Rutshuru Zone de Santé","rutshuru","nord kivu","rutshuru",NA
"463","ruzizi","sud-kivu","Sud Kivu","373","Ruzizi","Ruzizi","sk Sud Kivu Province","sk Ruzizi Zone de Santé","ruzizi","sud kivu","ruzizi",NA
"464","rwampara","ituri","Province Oriental","171","Rwampara","Rwampara","it Ituri Province","it Rwampara Zone de Santé","rwampara","ituri","rwampara","rwampara"
"465","rwanguba","nord-kivu","Nord Kivu","505","Rwanguba","Rwanguba","nk Nord Kivu Province","nk Rwanguba Zone de Santé","rwanguba","nord kivu","rwanguba",NA
"466","sakania","haut-katanga","Katanga","482","Sakania","Sakania","hk Haut Katanga Province","hk Sakania Zone de Santé","sakanya","haut-katanga","sakania","sakania"
"467","salamabila","maniema","Maniema","375","Salamabila","Salamabila","mn Maniema Province","mn Saramabila Zone de Santé","saramabil","maniema","saramabila","salamabila"
"468","samba","maniema","Maniema","355","Samba","Samba","mn Maniema Province","mn Samba Zone de Santé","samba","maniema","samba","samba"
"469","sandoa","lualaba","Katanga","489","Sandoa","Sandoa","ll Lualaba Province","ll Sandoa Zone de Santé","sandoa","lualaba","sandoa","sandoa"
"470","seke-banza","kongo-central","Bas-Congo","119","Seke Banza","Sekebanza","kc Kongo Central Province","kc Seke Banza Zone de Santé","seke banza","bas congo","seke-banza","seke-banza"
"471","selembao","kinshasa","Kinshasa","262","Selembao","Selembao","kn Kinshasa Province","kn Selembao Zone de Santé","selembao","kinshasa","selembao","selembao"
"472","shabunda","sud-kivu","Sud Kivu","447","Shabunda","Shabunda Centre","sk Sud Kivu Province","sk Shabunda Zone de Santé","shabunda","sud kivu","shabunda",NA
"473","sia","kwilu","Bandundu","237","Sia","Sia","kl Kwilu Province","kl Sia Zone de Santé","sia","kwilu","sia","sia"
"474","sona-bata","kongo-central","Bas-Congo","275","Sona Bata","Sona-Bata","kc Kongo Central Province","kc Sona Bata Zone de Santé","sona bata","bas congo","sona-bata","sona-bata"
"475","sona-pangu","kongo-central","Bas-Congo","412","Sona Pangu","Nsona-Pangu","kc Kongo Central Province","kc Nsona Mpangu Zone de Santé","nsona mpangu","bas congo","nsona-mpangu","nsona-mpangu"
"476","songa","haut-lomami","Katanga","473","Songa","Songa","hl Haut Lomami Province","hl Songa Zone de Santé","songa","haut-lomami","songa","songa"
"477","tandala","sud-ubangi","Equateur","324","Tandala","Tandala","su Sud Ubangi Province","su Tandala Zone de Santé","tandala","sud ubangi","tandala","tandala"
"478","tandembele","mai-ndombe","Bandundu","165","Tandembele","Ntand Embelo","md Maindombe Province","md Ntandembelo Zone de Santé","ntandembele","mai-ndombe","ntandembelo","ntandambelo"
"479","tchomia","ituri","Province Oriental","185","Tchomia","Tchomia","it Ituri Province","it Tchomia Zone de Santé","tshomia","ituri","tchomia","tchomia"
"480","tembo","kwango","Bandundu","156","Tembo","Tembo","kg Kwango Province","kg Tembo Zone de Santé","tembo","kwango","tembo","tembo"
"481","titule","bas-uele","Province Oriental","217","Titule","Titule","bu Bas Uele Province","bu Titule Zone de Santé","titule","bas-uele","titule","titule"
"482","tshamilemba","haut-katanga","Haut Katanga","511","Tshamilemba","NA","hk Haut Katanga Province","hk Tshamilemba Zone de Santé","tshamilemba","haut-katanga","tshamilemba","tshamilemba"
"483","tshamilemba","haut-katanga","Haut Katanga","515","Tshamilemba","NA","hk Haut Katanga Province","hk Tshamilemba Zone de Santé","tshamilemba","haut-katanga","tshamilemba","tshamilemba"
"484","tshela","kongo-central","Bas-Congo","122","Tshela","Tshela","kc Kongo Central Province","kc Tshela Zone de Santé","tshela","bas congo","tshela","tshela"
"485","tshibala","kasai-central","Kasai Occidental","15","Tshibala","Tshibala","kr Kasai Central Province","kr Tshibala Zone de Santé","tshibala","kasai central","tshibala","tshibala"
"486","tshikaji","kasai-central","Kasai Occidental","289","Tshikaji","Tshikaji","kr Kasai Central Province","kr Tshikaji Zone de Santé","tshikaji","kasai central","tshikaji","tshikaji"
"487","tshikapa","kasai","Kasai Occidental","285","Tshikapa","Tshikapa","ks Kasai Province","ks Tshikapa Zone de Santé","tshikapa","kasai","tshikapa","tshikapa"
"488","tshikula","kasai-central","Kasai Occidental","19","Tshikula","Tshikula","kr Kasai Central Province","kr Tshikula Zone de Santé","tshikula","kasai central","tshikula","tshikula"
"489","tshilenge","kasai-oriental","Kasai Oriental","86","Tshilenge","Tshilenge","ke Kasai Oriental Province","ke Tshilenge Zone de Santé","tshilenge","kasai oriental","tshilenge","tshilenge"
"490","tshilundu","kasai-oriental","Kasai Oriental","80","Tshilundu","Cilundu","ke Kasai Oriental Province","ke Cilundu Zone de Santé","cilundu","kasai oriental","cilundu","tshilundu"
"491","tshitenge","kasai-oriental","Kasai Oriental","87","Tshitenge","Citenge","ke Kasai Oriental Province","ke Citenge Zone de Santé","tshitenge","kasai oriental","citenge","tshitenge"
"492","tshitshimbi","kasai-oriental","Kasai Oriental","81","Tshitshimbi","Tshishimbi","ke Kasai Oriental Province","ke Tshishimbi Zone de Santé","tshitshimbi","kasai oriental","tshishimbi","tshishimbi"
"493","tshofa","lomami","Kasai Oriental","94","Tshofa","Tshofa","lm Lomami Province","lm Tshofa Zone de Santé","tshofa","lomami","tshofa","tshiofa"
"494","tshopo","tshopo","Province Oriental","335","Tshopo","Tshopo","tp Tshopo Province","tp Tshopo Zone de Santé","tshopo","tshopo","tshopo","tshopo"
"495","tshudi-loto","sankuru","Kasai Oriental","456","Tshudi Loto","Tshudi-Loto","sn Sankuru Province","sn Tshudi Loto Zone de Santé","tshudi loto","sankuru","tshudi-loto","tshudi-loto"
"496","tshumbe","sankuru","NA","NA","NA","NA","sn Sankuru Province","sn Tshumbe Zone de Santé","tshumbe","sankuru","tshumbe","tshumbe"
"497","tumba","maniema","Maniema","359","Tumba","Tunda","mn Maniema Province","mn Tunda Zone de Santé","tunda","maniema","tunda","tunda"
"498","ubundu","tshopo","Province Oriental","207","Ubundu","Ubundu","tp Tshopo Province","tp Ubundu Zone de Santé","ubundu","tshopo","ubundu","ubundu"
"499","uvira","sud-kivu","Sud Kivu","366","Uvira","NA","sk Sud Kivu Province","sk Uvira Zone de Santé","bijombo","sud kivu","uvira",NA
"500","uvira","sud-kivu","Sud Kivu","201","Haut Plateau","Hauts Plateaux","sk Sud Kivu Province","sk Haut Plateau Zone de Santé","uvira","sud kivu","haut-plateau",NA
"501","uvira","sud-kivu","Sud Kivu","366","Uvira","Uvira","sk Sud Kivu Province","sk Uvira Zone de Santé","uvira","sud kivu","uvira",NA
"502","vaku","kongo-central","Bas-Congo","123","Vaku","Vaku","kc Kongo Central Province","kc Vaku Zone de Santé","vaku","bas congo","vaku","vaku"
"503","vanga","kwilu","Bandundu","235","Vanga","Vanga","kl Kwilu Province","kl Vanga Zone de Santé","vanga","kwilu","vanga","vanga"
"504","vanga-kete","sankuru","Kasai Oriental","99","Vanga Kete","Vanga-Kete","sn Sankuru Province","sn Vanga Kete Zone de Santé","vanga kete","sankuru","vanga-kete","vangakete"
"505","vangu","haut-katanga","Katanga","493","Vangu","Vangu","hk Haut Katanga Province","hk Vangu Zone de Santé","vangu","haut-katanga","vangu","vangu"
"506","viandana","bas-uele","Province Oriental","190","Viandana","Viadana","bu Bas Uele Province","bu Viadana Zone de Santé","viadana","bas-uele","viadana","viadana"
"507","vohovi","nord-kivu","Nord Kivu","58","Vohovi","Vuhovi","nk Nord Kivu Province","nk Vuhovi Zone de Santé","vuhovi","nord kivu","vuhovi",NA
"508","walikale","nord-kivu","Nord Kivu","109","Walikale","Walikale","nk Nord Kivu Province","nk Walikale Zone de Santé","walikale","nord kivu","walikale",NA
"509","walungu","sud-kivu","Sud Kivu","200","Walungu","Walungu","sk Sud Kivu Province","sk Walungu Zone de Santé","walungu","sud kivu","walungu",NA
"510","wamba","haut-uele","Province Oriental","227","Wamba","Wamba","hu Haut Uele Province","hu Wamba Zone de Santé","wamba","haut-uele","wamba","wamba"
"511","wamba-lwadi","kwango","Bandundu","154","Wamba Lwadi","Wamba luadi","kg Kwango Province","kg Wamba Lwadi Zone de Santé","wamba luadi","kwango","wamba-lwadi","wamba-lwadi"
"512","wangata","equateur","Equateur","230","Wangata","Wangata","eq Equateur Province","eq Wangata Zone de Santé","wangata","equateur","wangata",NA
"513","wanie-rukula","tshopo","Province Oriental","404","Wanie Rukula","Wanie-Rukula","tp Tshopo Province","tp Wanierukula Zone de Santé","wanierukula","tshopo","wanierukula","wanierukula"
"514","wapinda","nord-ubangi","Equateur","393","wapinda","Wapinda","nu Nord Ubangi Province","nu Wapinda Zone de Santé","wapinda","nord ubangi","wapinda","wapinda"
"515","wasolo","nord-ubangi","Equateur","385","Wasolo","Wasolo","nu Nord Ubangi Province","nu Wasolo Zone de Santé","wasolo","nord ubangi","wasolo","wasolo"
"516","watsa","haut-uele","Province Oriental","282","Watsa","Watsa","hu Haut Uele Province","hu Watsa Zone de Santé","watsa","haut-uele","watsa","watsa"
"517","wema","tshuapa","Equateur","304","Wema","Wema","tu Tshuapa Province","tu Wema Zone de Santé","wema","tshuapa","wema","wema"
"518","wembo-nyama","sankuru","Kasai Oriental","62","Wembo Nyama","Wembo-Nyama","sn Sankuru Province","sn Wembo Nyama Zone de Santé","wembo nyama","sankuru","wembo-nyama","wembonyama"
"519","winkong","lomami","Kasai Oriental","41","Winkong","Wikong","lm Lomami Province","lm Wikong Zone de Santé","wikong","lomami","wikong","wikong"
"520","yabahondo","tshopo","Province Oriental","208","Yabahondo","Yabaondo","tp Tshopo Province","tp Yabaondo Zone de Santé","yabaondo","tshopo","yabaondo","yabaondo"
"521","yahisule","tshopo","Province Oriental","206","Yahisule","Yahisuli","tp Tshopo Province","tp Yahisuli Zone de Santé","yahisuli","tshopo","yahisuli","yahisuli"
"522","yahuma","tshopo","Province Oriental","399","Yahuma","Yahuma","tp Tshopo Province","tp Yahuma Zone de Santé","yahuma","tshopo","yahuma","yahuma"
"523","yakoma","nord-ubangi","Equateur","434","Yakoma","Yakoma","nu Nord Ubangi Province","nu Yakoma Zone de Santé","yakoma","nord ubangi","yakoma","yakoma"
"524","yakusu","tshopo","Province Oriental","205","Yakusu","Yakusu","tp Tshopo Province","tp Yakusu Zone de Santé","yakusu","tshopo","yakusu","yakusu"
"525","yaleko","tshopo","Province Oriental","210","Yaleko","Yaleko","tp Tshopo Province","tp Yaleko Zone de Santé","yaleko","tshopo","yaleko","yaleko"
"526","yalifafo","tshuapa","Equateur","455","Yalifafo","Yalifafu","tu Tshuapa Province","tu Yalifafu Zone de Santé","yalifafu","tshuapa","yalifafu","yalifafu"
"527","yalimbongo","tshopo","Province Oriental","386","Yalimbongo","Yalimbongo","tp Tshopo Province","tp Yalimbongo Zone de Santé","yalimbongo","tshopo","yalimbongo","yalimbongo"
"528","yamaluka","mongala","Equateur","315","Yamaluka","Yamaluka","mg Mongala Province","mg Yamaluka Zone de Santé","yamaluka","mongala","yamaluka","yamaluka"
"529","yambuku","mongala","Equateur","392","Yambuku","Yambuku","mg Mongala Province","mg Yambuku Zone de Santé","yambuku","mongala","yambuku","yambuku"
"530","yamongili","mongala","Equateur","390","Yamongili","Yamongili","mg Mongala Province","mg Yamongili Zone de Santé","yamongili","mongala","yamongili","yamongili"
"531","yanga-bosa","kwilu","Bandundu","142","Yanga bosa","Yasa-Bonga","kl Kwilu Province","kl Yasa Bonga Zone de Santé","yasa-bonga","kwilu","yasa-bonga","yasa-bonga"
"532","yangala","kasai-central","Kasai Occidental","11","Yangala","Yangala","kr Kasai Central Province","kr Yangala Zone de Santé","yangala","kasai central","yangala","yangala"
"533","yumbi","mai-ndombe","Bandundu","420","Yumbi","Yumbi","md Maindombe Province","md Yumbi Zone de Santé","yumbi","mai-ndombe","yumbi","yumbi"
"534","zongo","sud-ubangi","Equateur","428","Zongo","Zongo","su Sud Ubangi Province","su Zongo Zone de Santé","zongo","sud ubangi","zongo","zongo"
